Time,P1_Pop,P1_Soldiers,P1_Towers,P1_Res,P2_Pop,P2_Soldiers,P2_Towers,P2_Res,ScoreDiff,HybridMode
1.8,3,0,0,900,3,0,1,500,0.0,Economic
2.9,3,0,0,900,3,0,1,500,0.0,Economic
3.9,3,0,1,500,3,0,1,500,0.0,Economic
4.9,3,0,1,500,3,0,1,500,0.0,Economic
11.8,3,0,1,520,3,0,1,500,0.0,Economic
12.8,3,0,1,520,3,0,1,500,0.0,Economic
13.9,3,0,1,540,3,0,1,500,0.0,Economic
14.9,3,0,1,540,3,0,1,520,0.0,Economic
16.0,3,0,1,560,3,0,1,520,0.0,Economic
17.0,3,0,1,560,3,0,1,540,0.0,Economic
18.0,3,0,1,580,3,0,1,540,0.0,Economic
19.1,3,0,1,580,3,0,1,560,0.0,Economic
20.2,3,0,1,600,3,0,1,560,0.0,Economic
21.2,3,0,1,100,3,0,1,580,0.0,Economic
22.2,3,0,1,110,3,0,1,580,0.0,Economic
23.3,3,0,1,110,3,0,1,610,0.0,Economic
24.3,3,0,1,120,3,0,1,610,0.0,Economic
25.3,3,0,1,120,3,0,1,640,0.0,Economic
26.4,3,0,1,130,3,0,1,640,0.0,Economic
27.4,3,0,1,130,3,0,1,670,0.0,Economic
28.5,3,0,1,150,3,0,1,670,0.0,Economic
29.5,3,0,1,150,3,0,1,700,0.0,Economic
30.6,3,0,1,190,3,0,1,700,0.0,Economic
31.6,3,0,1,200,3,0,1,730,0.0,Economic
32.6,3,0,1,240,3,0,1,730,0.0,Economic
33.7,3,0,1,250,3,0,1,760,0.0,Economic
34.7,3,0,1,290,3,0,1,760,0.0,Economic
35.7,3,0,1,300,3,0,1,790,0.0,Economic
36.7,3,0,1,340,3,0,1,790,0.0,Economic
37.8,3,0,1,350,3,0,2,420,0.0,Economic
38.9,3,0,1,390,3,0,2,420,0.0,Economic
39.9,3,0,1,420,3,0,2,440,0.0,Economic
40.9,3,0,1,440,3,0,2,440,0.0,Economic
42.0,3,0,1,470,3,0,2,460,0.0,Economic
43.1,3,0,1,490,3,0,2,460,0.0,Economic
44.1,3,0,1,520,3,0,2,480,0.0,Economic
45.1,3,0,1,540,3,0,2,480,0.0,Economic
46.2,3,0,1,570,3,0,2,500,0.0,Economic
47.2,3,0,1,590,3,0,2,500,0.0,Economic
48.2,3,0,1,620,3,0,2,520,0.0,Economic
49.3,3,0,1,640,3,0,2,520,0.0,Economic
50.3,3,0,1,670,3,0,2,540,0.0,Economic
51.4,3,0,1,690,3,0,2,540,0.0,Economic
52.4,3,0,1,730,3,0,2,560,0.0,Economic
53.4,3,0,1,740,3,0,2,560,0.0,Economic
54.4,3,0,1,780,3,0,2,580,0.0,Economic
55.5,3,0,1,790,3,0,2,580,0.0,Economic
56.5,3,0,1,830,3,0,2,600,0.0,Economic
57.5,3,0,1,840,3,0,2,600,0.0,Economic
58.5,3,0,1,880,3,0,2,620,0.0,Economic
59.6,3,0,1,890,3,0,2,630,0.0,Economic
60.6,3,0,1,930,3,0,2,650,0.0,Economic
61.7,3,0,1,950,3,0,2,660,0.0,Economic
62.7,3,0,1,980,3,0,2,680,0.0,Economic
63.7,3,0,1,1000,3,0,2,690,0.0,Economic
64.8,3,0,1,1030,3,0,2,710,0.0,Economic
65.8,3,0,1,1050,3,0,2,720,0.0,Economic
66.9,3,0,1,1090,3,0,2,740,0.0,Economic
67.9,3,0,1,1100,3,0,2,750,0.0,Economic
68.9,3,0,1,1140,3,0,3,370,0.0,Economic
70.0,3,0,1,1150,3,0,3,370,0.0,Economic
71.1,3,0,1,1180,3,0,3,380,0.0,Economic
72.1,3,0,1,1190,3,0,3,390,0.0,Economic
73.1,3,0,1,1220,3,0,3,400,0.0,Economic
74.2,3,0,1,1240,3,0,3,410,0.0,Economic
75.3,3,0,1,1270,3,0,3,420,0.0,Economic
76.3,3,0,1,1290,3,0,3,430,0.0,Economic
77.3,3,0,1,1320,3,0,3,440,0.0,Economic
78.4,3,0,1,1340,3,0,3,450,0.0,Economic
79.5,3,0,1,1370,3,0,3,460,0.0,Economic
80.6,3,0,1,1390,3,0,3,470,0.0,Economic
81.7,3,0,1,1420,3,0,3,480,0.0,Economic
82.7,3,0,1,1450,3,0,3,490,0.0,Economic
83.8,3,0,1,1470,3,0,3,500,0.0,Economic
84.9,3,0,1,1500,3,0,3,510,0.0,Economic
85.9,3,0,1,1520,3,0,3,520,0.0,Economic
86.9,3,0,1,1550,3,0,3,530,0.0,Economic
88.0,3,0,1,1570,3,0,3,550,0.0,Economic
89.0,3,0,1,1610,3,0,3,560,0.0,Economic
90.1,3,0,1,1620,3,0,3,560,0.0,Economic
91.2,3,0,1,1660,3,0,3,590,0.0,Economic
92.2,3,0,1,1670,3,0,3,590,0.0,Economic
93.3,3,0,1,1720,3,0,3,620,0.0,Economic
94.3,3,0,1,1720,3,0,3,620,0.0,Economic
95.4,3,0,1,1770,3,0,3,650,0.0,Economic
96.5,3,0,1,1780,3,0,3,660,0.0,Economic
97.5,3,0,1,1820,3,0,3,680,0.0,Economic
98.6,3,0,1,1830,3,0,3,690,0.0,Economic
99.6,3,0,1,1870,3,0,4,310,0.0,Economic
100.6,3,0,1,1880,3,0,4,320,0.0,Economic
101.7,3,0,1,1920,3,0,4,330,0.0,Economic
102.7,3,0,1,1930,3,0,4,340,0.0,Economic
103.8,3,0,1,1970,3,0,4,350,0.0,Economic
104.8,3,0,1,1990,3,0,4,370,0.0,Economic
105.9,3,0,1,2020,3,0,4,370,0.0,Economic
106.9,3,0,1,2040,3,0,4,390,0.0,Economic
108.0,3,0,1,2070,3,0,4,390,0.0,Economic
109.0,3,0,1,2090,3,0,4,410,0.0,Economic
110.0,3,0,1,2120,3,0,4,410,0.0,Economic
111.1,3,0,1,2140,3,0,4,430,0.0,Economic
112.1,3,0,1,2170,3,0,4,440,0.0,Economic
113.1,3,0,1,2190,3,0,4,460,0.0,Economic
114.2,3,0,1,2220,3,0,4,470,0.0,Economic
115.3,3,0,1,2240,3,0,4,490,0.0,Economic
116.3,3,0,1,2270,3,0,4,500,0.0,Economic
117.3,3,0,1,2290,3,0,4,520,0.0,Economic
118.3,3,0,1,2320,3,0,4,530,0.0,Economic
119.4,3,0,1,2340,3,0,4,540,0.0,Economic
120.4,3,0,1,2370,3,0,4,560,0.0,Economic
121.5,3,0,1,2390,3,0,4,570,0.0,Economic
122.5,3,0,1,2420,3,0,4,590,0.0,Economic
123.5,3,0,1,2440,3,0,4,600,0.0,Economic
124.5,3,0,1,2470,3,0,4,620,0.0,Economic
125.6,3,0,1,2500,3,0,5,230,0.0,Economic
126.6,3,0,1,2520,3,0,5,240,0.0,Economic
127.7,3,0,1,2560,3,0,5,250,0.0,Economic
128.7,3,0,1,2570,3,0,5,260,0.0,Economic
129.7,3,0,1,2610,3,0,5,270,0.0,Economic
130.8,3,0,1,2620,3,0,5,280,0.0,Economic
131.9,3,0,1,2660,3,0,5,290,0.0,Economic
132.9,3,0,1,2670,3,0,5,300,0.0,Economic
134.0,3,0,1,2710,3,0,5,310,0.0,Economic
135.0,3,0,1,2710,3,0,5,320,0.0,Economic
136.0,3,0,1,2760,3,0,5,330,0.0,Economic
137.0,3,0,1,2760,3,0,5,340,0.0,Economic
138.1,3,0,1,2810,3,0,5,350,0.0,Economic
139.1,3,0,1,2810,3,0,5,360,0.0,Economic
140.2,3,0,1,2860,3,0,5,370,0.0,Economic
141.3,3,0,1,2860,3,0,5,380,0.0,Economic
142.3,3,0,1,2910,3,0,5,390,0.0,Economic
143.4,3,0,1,2910,3,0,5,410,0.0,Economic
144.4,3,0,1,2960,3,0,5,420,0.0,Economic
145.5,3,0,1,2960,3,0,5,440,0.0,Economic
146.5,3,0,1,3010,3,0,5,450,0.0,Economic
147.5,3,0,1,3010,3,0,5,470,0.0,Economic
148.5,3,0,1,3060,3,0,5,480,0.0,Economic
149.5,3,0,1,3060,3,0,5,500,0.0,Economic
150.5,3,0,1,3100,3,0,5,510,0.0,Economic
151.5,3,0,1,3110,3,0,5,530,0.0,Economic
152.6,3,0,1,3140,3,0,5,540,0.0,Economic
153.6,3,0,1,3150,3,0,5,560,0.0,Economic
154.6,3,0,1,3180,3,0,5,570,0.0,Economic
155.7,3,0,1,3200,3,0,5,590,0.0,Economic
156.7,3,0,1,3240,3,0,5,600,0.0,Economic
157.7,3,0,1,3250,3,0,5,620,0.0,Economic
158.7,3,0,1,3290,3,0,5,630,0.0,Economic
159.7,3,0,1,3300,3,0,6,240,0.0,Economic
160.7,3,0,1,3340,3,0,6,250,0.0,Economic
161.8,3,0,1,3350,3,0,6,260,0.0,Economic
162.8,3,0,1,3390,3,0,6,270,0.0,Economic
163.8,3,0,1,3400,3,0,6,280,0.0,Economic
164.9,3,0,1,3440,3,0,6,290,0.0,Economic
165.9,3,0,1,3450,3,0,6,300,0.0,Economic
167.0,3,0,1,3490,3,0,6,310,0.0,Economic
168.0,3,0,1,3500,3,0,6,320,0.0,Defensive
169.0,3,0,1,3290,3,0,6,330,0.0,Defensive
170.0,3,0,1,3300,3,0,6,340,0.0,Defensive
171.1,3,0,1,3340,3,0,6,350,0.0,Defensive
172.1,3,0,1,3350,3,0,6,360,0.0,Defensive
173.1,3,0,1,3390,3,0,6,370,0.0,Defensive
174.1,4,0,1,3400,3,0,6,390,0.0,Defensive
175.1,4,0,1,3180,3,0,6,400,0.0,Defensive
176.2,4,0,1,3190,3,0,6,420,0.0,Defensive
177.2,4,0,1,3220,3,0,6,440,0.0,Defensive
178.3,4,0,1,3240,3,0,6,450,0.0,Defensive
179.3,4,0,1,3280,3,0,6,470,0.0,Defensive
180.4,4,0,1,3300,3,0,6,480,0.0,Defensive
181.4,5,0,1,3090,3,0,6,500,0.0,Defensive
182.5,5,0,1,3110,3,0,6,520,0.0,Defensive
183.5,5,0,2,2750,3,0,6,530,0.0,Defensive
184.5,5,0,2,2770,3,0,6,550,0.0,Defensive
185.6,5,0,2,2810,3,0,6,560,0.0,Defensive
186.7,5,0,2,2830,3,0,6,580,0.0,Defensive
187.7,6,0,2,2620,3,0,6,590,0.0,Defensive
188.7,6,0,2,2640,3,0,6,610,0.0,Defensive
189.7,6,0,2,2680,3,0,6,620,0.0,Defensive
190.8,6,0,2,2700,3,0,6,640,0.0,Economic
191.8,6,0,2,2750,3,0,6,650,0.0,Economic
192.9,6,0,2,2770,3,0,6,660,0.0,Economic
193.9,7,0,2,2820,3,0,6,670,0.0,Economic
195.0,7,0,2,2840,3,0,6,680,0.0,Economic
196.0,7,0,2,2890,3,0,6,700,0.0,Economic
197.1,7,0,2,2910,3,0,6,710,0.0,Economic
198.1,7,0,2,2980,3,0,6,720,0.0,Economic
199.1,7,0,2,3000,3,0,6,730,0.0,Economic
200.1,7,0,2,3070,3,0,6,740,0.0,Economic
201.2,7,0,2,3090,3,0,6,760,0.0,Economic
202.3,7,0,3,2770,3,0,6,770,0.0,Economic
203.3,7,0,3,2790,3,0,6,800,0.0,Economic
204.3,7,0,3,2850,3,0,6,800,0.0,Economic
205.3,7,0,3,2870,3,0,6,830,0.0,Economic
206.4,7,0,3,2930,3,0,6,830,0.0,Economic
207.5,7,0,3,2950,3,0,6,860,0.0,Economic
208.5,7,0,3,3010,3,0,6,860,0.0,Economic
209.5,7,0,3,3030,3,0,6,640,0.0,Economic
210.6,7,0,3,3060,3,0,6,640,0.0,Economic
211.6,7,0,3,3080,3,0,6,670,0.0,Economic
212.6,7,0,3,3120,3,0,6,670,0.0,Economic
213.7,7,0,3,3160,3,0,6,700,0.0,Economic
214.7,7,0,3,3200,3,0,6,700,0.0,Economic
215.8,7,0,3,3250,4,0,6,730,0.0,Economic
216.8,7,0,3,3290,4,0,6,740,0.0,Economic
217.9,7,0,3,3340,4,0,6,760,0.0,Economic
218.9,7,0,3,3380,4,0,6,770,0.0,Economic
220.0,7,0,3,3430,4,0,6,800,0.0,Economic
221.0,7,0,3,3460,4,0,6,810,0.0,Economic
222.0,7,0,3,3510,4,0,6,840,0.0,Economic
223.0,7,0,3,3530,4,0,6,850,0.0,Economic
224.1,7,0,3,3590,4,0,6,880,0.0,Economic
225.1,7,0,3,3620,4,0,6,900,0.0,Economic
226.1,7,0,3,3680,4,0,6,920,0.0,Economic
227.2,7,0,4,3300,4,0,6,940,0.0,Economic
228.2,7,0,4,3370,4,0,6,960,0.0,Economic
229.3,7,0,4,3380,4,0,6,980,0.0,Economic
230.3,7,0,4,3450,4,0,6,1000,0.0,Economic
231.3,7,0,4,3460,4,0,6,1020,0.0,Economic
232.3,7,0,4,3530,4,0,6,1040,0.0,Economic
233.3,7,0,4,3540,4,0,6,1060,0.0,Economic
234.3,7,0,4,3610,4,0,6,1080,0.0,Economic
235.4,7,0,4,3620,4,0,6,1110,0.0,Economic
236.5,7,0,4,3700,4,0,6,1120,0.0,Economic
237.5,7,0,4,3710,4,0,6,1150,0.0,Economic
238.5,7,0,5,3390,4,0,6,1160,0.0,Economic
239.6,7,0,5,3400,4,0,6,940,0.0,Economic
240.6,7,0,5,3470,4,0,6,950,0.0,Economic
241.6,7,0,5,3480,4,0,6,980,0.0,Economic
242.7,7,0,5,3550,4,0,6,990,0.0,Economic
243.7,7,0,5,3560,4,0,6,1020,0.0,Economic
244.7,7,0,5,3630,4,0,6,1030,0.0,Economic
245.7,7,0,5,3640,5,0,6,1060,0.0,Economic
246.8,7,0,5,3700,5,0,6,1070,0.0,Economic
247.8,7,0,5,3700,5,0,6,1090,0.0,Economic
248.9,7,0,5,3770,5,0,6,1110,0.0,Economic
249.9,7,0,5,3800,5,0,6,1130,0.0,Economic
251.0,7,0,6,3460,5,0,6,1150,0.0,Economic
252.1,7,0,6,3500,5,0,6,1170,0.0,Economic
253.1,7,0,6,3540,5,0,6,1190,0.0,Economic
254.1,7,0,6,3580,5,0,6,1220,0.0,Economic
255.2,7,0,6,3620,5,0,6,1240,0.0,Economic
256.3,7,0,6,3670,5,0,6,1270,0.0,Economic
257.3,7,0,6,3700,5,0,6,1280,0.0,Economic
258.3,7,0,6,3750,5,0,6,1320,0.0,Economic
259.4,7,0,6,3780,5,0,6,1330,0.0,Economic
260.4,7,0,6,3830,5,0,6,1370,0.0,Economic
261.4,7,0,6,3860,5,0,6,1380,0.0,Economic
262.5,7,0,6,3910,5,0,6,1420,0.0,Economic
263.6,7,0,6,3940,5,0,6,1430,0.0,Economic
264.7,7,0,7,3600,5,0,6,1470,0.0,Economic
265.7,7,0,7,3620,5,0,6,1230,0.0,Economic
266.8,7,0,7,3670,5,0,6,1270,0.0,Economic
267.8,7,0,7,3700,5,0,6,1280,0.0,Economic
268.8,7,0,7,3750,5,0,6,1320,0.0,Economic
269.9,7,0,7,3780,5,0,6,1330,0.0,Economic
270.9,7,0,7,3830,5,0,6,1370,0.0,Economic
272.0,7,0,7,3870,6,0,6,1380,0.0,Economic
273.0,7,0,7,3910,6,0,6,1420,0.0,Economic
274.1,7,0,7,3950,6,0,6,1420,0.0,Economic
275.1,7,0,7,3990,6,0,6,1460,0.0,Economic
276.2,7,0,7,4020,6,0,6,1470,0.0,Economic
277.2,7,0,7,4060,6,0,6,1500,0.0,Economic
278.3,7,0,7,4090,6,0,6,1510,0.0,Economic
279.4,7,0,7,4140,6,0,6,1530,0.0,Economic
280.4,7,0,7,4160,6,0,6,1540,0.0,Economic
281.4,7,0,7,4220,6,0,6,1570,0.0,Economic
282.5,7,0,7,4240,6,0,6,1580,0.0,Economic
283.5,7,0,7,4300,6,0,6,1630,0.0,Economic
284.6,7,0,7,4330,6,0,6,1650,0.0,Economic
285.6,7,0,7,4390,6,0,6,1690,0.0,Economic
286.7,7,0,7,4420,6,0,6,1710,0.0,Economic
287.7,7,0,7,3970,6,0,6,1750,0.0,Economic
288.7,7,0,7,3740,6,0,6,1770,0.0,Economic
289.7,7,0,7,3780,6,0,6,1810,0.0,Economic
290.8,7,0,7,3800,6,0,6,1830,0.0,Economic
291.8,7,0,7,3840,6,0,6,1870,0.0,Economic
292.9,7,0,7,3860,6,0,6,1660,0.0,Economic
293.9,7,0,7,3900,6,0,6,1680,0.0,Economic
295.0,7,0,7,3930,6,0,6,1720,0.0,Economic
296.0,7,0,7,3980,6,0,6,1740,0.0,Economic
297.0,7,0,7,4020,6,0,6,1780,0.0,Economic
298.0,7,0,7,4060,6,0,6,1800,0.0,Economic
299.1,7,0,7,4120,7,0,6,1840,0.0,Economic
300.1,7,0,7,4160,7,0,6,1860,0.0,Economic
301.1,7,0,7,4220,7,0,6,1910,0.0,Economic
302.2,7,0,7,4280,7,0,6,1940,0.0,Economic
303.3,7,0,7,4340,7,0,6,1970,0.0,Economic
304.3,7,0,7,4410,7,0,6,2000,0.0,Economic
305.3,7,0,7,4480,7,0,6,2030,0.0,Economic
306.3,7,0,7,4530,7,0,6,2060,0.0,Economic
307.4,7,0,7,4100,7,0,6,2100,0.0,Economic
308.4,7,0,7,3890,7,0,6,2130,0.0,Economic
309.5,7,0,7,3940,7,0,6,2170,0.0,Economic
310.5,7,0,7,3980,7,0,6,2200,0.0,Economic
311.6,7,0,7,4050,7,0,6,2250,0.0,Economic
312.6,7,0,7,4070,7,0,6,2260,0.0,Economic
313.6,7,0,7,4140,7,0,6,2300,0.0,Economic
314.6,7,0,7,4160,7,0,6,2320,0.0,Economic
315.7,7,0,7,4230,7,0,6,2110,0.0,Economic
316.7,7,0,7,4270,7,0,6,2140,0.0,Economic
317.7,7,0,7,4350,7,0,6,2180,0.0,Economic
318.8,7,0,7,4390,7,0,6,2210,0.0,Economic
319.8,7,0,7,4470,7,0,6,240,0.0,Economic
320.9,7,0,7,4510,8,0,6,260,0.0,Economic
322.0,7,0,7,4620,8,0,6,280,0.0,Economic
323.0,7,0,7,4660,8,0,6,300,0.0,Economic
324.1,7,0,7,4770,8,0,6,320,0.0,Economic
325.1,7,0,7,4810,8,0,6,340,0.0,Economic
326.1,7,0,7,4670,8,0,6,360,0.0,Economic
327.1,7,0,7,4450,8,0,6,390,0.0,Economic
328.2,7,0,7,4290,8,0,6,410,0.0,Economic
329.2,7,0,7,4310,8,0,6,450,0.0,Economic
330.2,7,0,7,4400,8,0,6,470,0.0,Economic
331.2,7,0,7,4420,8,0,6,520,0.0,Economic
332.2,7,0,7,4510,8,0,6,540,0.0,Economic
333.3,7,0,7,4530,8,0,6,590,0.0,Economic
334.4,7,0,7,4620,8,0,6,610,0.0,Economic
335.4,7,0,7,4650,8,0,6,640,0.0,Economic
336.4,7,0,7,4760,8,0,6,660,0.0,Economic
337.4,7,0,7,4790,8,0,6,700,0.0,Economic
338.5,7,0,7,4920,8,0,6,480,0.0,Economic
339.5,7,0,7,4960,8,0,6,530,0.0,Economic
340.5,7,0,7,5070,8,0,6,560,0.0,Economic
341.5,7,0,7,4860,8,0,6,610,0.0,Economic
342.6,7,0,7,4450,8,0,6,640,0.0,Economic
343.6,7,0,7,4490,8,0,6,690,0.0,Economic
344.7,7,0,7,4600,9,0,6,740,0.0,Economic
345.8,7,0,7,4660,9,0,6,220,0.0,Economic
346.8,7,0,7,4750,9,0,6,270,0.0,Economic
347.8,7,0,7,4810,9,0,6,300,0.0,Economic
348.9,7,0,7,4900,9,0,6,350,0.0,Economic
349.9,7,0,7,4970,9,0,6,390,0.0,Economic
351.0,7,0,7,5050,9,0,6,430,0.0,Economic
352.0,7,0,7,5130,9,0,6,470,0.0,Economic
353.1,7,0,7,5210,9,0,6,510,0.0,Economic
354.1,7,0,7,4810,9,0,6,550,0.0,Economic
355.2,7,0,7,4640,9,0,6,610,0.0,Economic
356.2,7,0,7,4730,9,0,6,630,0.0,Economic
357.3,7,0,7,4800,9,0,6,700,0.0,Economic
358.4,7,0,7,4900,9,0,7,320,0.0,Economic
359.4,7,0,7,4980,9,0,7,380,0.0,Economic
360.4,7,0,7,5060,9,0,7,400,0.0,Economic
361.5,7,0,7,5160,9,0,7,460,0.0,Economic
362.6,7,0,7,5250,9,0,7,470,0.0,Economic
363.6,7,0,7,5100,9,0,7,510,0.0,Economic
364.7,7,0,7,4700,9,0,7,520,0.0,Economic
365.7,7,0,7,4780,9,0,7,560,0.0,Economic
366.7,7,0,7,4900,9,0,7,570,0.0,Economic
367.8,7,0,7,4980,9,0,7,370,0.0,Economic
368.8,7,0,7,5110,9,0,7,400,0.0,Economic
369.9,7,0,7,5190,9,0,7,450,0.0,Economic
370.9,7,0,7,5320,9,0,7,480,0.0,Economic
372.0,7,0,7,5160,9,0,7,510,0.0,Economic
373.1,7,0,7,4780,9,0,7,540,0.0,Economic
374.1,7,0,7,4870,10,0,7,560,0.0,Economic
375.2,7,0,7,4980,10,0,7,600,0.0,Economic
376.2,7,0,7,5070,10,0,7,630,0.0,Economic
377.3,7,0,7,5180,10,0,8,260,0.0,Economic
378.3,7,0,7,5300,10,0,8,290,0.0,Economic
379.3,7,0,7,5400,10,0,8,320,0.0,Economic
380.4,7,0,7,5280,10,0,8,370,0.0,Economic
381.4,7,0,7,4870,10,0,8,410,0.0,Economic
382.5,7,0,7,5000,10,0,8,460,0.0,Economic
383.5,7,0,7,5110,10,0,8,500,0.0,Economic
384.6,7,0,7,5260,10,0,8,560,0.0,Economic
385.6,7,0,7,5390,10,0,8,590,0.0,Economic
386.7,7,0,7,5050,10,0,8,420,0.0,Economic
387.7,7,0,7,4890,10,0,8,430,0.0,Economic
388.8,7,0,7,5040,10,0,8,510,0.0,Economic
389.8,7,0,7,5150,10,0,8,530,0.0,Economic
390.9,7,0,7,5320,10,0,8,600,0.0,Economic
392.0,7,0,7,5410,10,0,9,230,0.0,Economic
393.0,7,0,7,5590,11,0,9,280,0.0,Economic
394.1,7,0,7,5180,11,0,9,300,0.0,Economic
395.1,7,0,7,5090,11,0,9,360,0.0,Economic
396.1,7,0,7,5210,11,0,9,390,0.0,Economic
397.1,7,0,7,5370,11,0,9,450,0.0,Economic
398.2,7,0,7,5530,11,0,9,490,0.0,Economic
399.3,7,0,7,5690,11,0,9,540,0.0,Economic
400.3,7,0,7,5360,11,0,9,580,0.0,Economic
401.4,7,0,7,5230,11,0,9,620,0.0,Economic
402.4,7,0,7,5410,11,0,9,660,0.0,Economic
403.5,7,0,7,5540,11,0,9,700,0.0,Economic
404.5,7,0,7,5490,11,0,9,760,0.0,Economic
405.6,7,0,7,5160,11,0,10,160,0.0,Economic
406.6,7,0,7,5320,11,0,10,200,0.0,Economic
407.7,7,0,7,5490,11,0,10,250,0.0,Economic
408.7,7,0,7,5670,11,0,10,290,0.0,Economic
409.8,7,0,7,5620,11,0,10,330,0.0,Economic
410.8,7,0,7,5280,11,0,10,380,0.0,Economic
411.9,7,0,7,5480,12,0,10,420,0.0,Economic
412.9,7,0,7,5710,12,0,10,480,0.0,Economic
414.0,7,0,7,5840,12,0,10,500,0.0,Economic
415.0,7,0,7,5810,12,0,10,540,0.0,Economic
416.0,7,0,7,5700,12,0,10,560,0.0,Economic
417.0,7,0,7,5670,12,0,10,610,0.0,Economic
418.1,7,0,7,5820,12,0,10,630,0.0,Economic
419.1,7,0,7,5800,12,0,11,290,0.0,Economic
420.2,7,0,7,5700,12,0,11,310,0.0,Economic
421.2,7,0,7,5950,12,0,11,370,0.0,Economic
422.2,7,0,7,5850,12,0,11,410,0.0,Economic
423.3,7,0,7,5850,12,0,11,480,0.0,Economic
424.3,7,0,7,6020,12,0,11,520,0.0,Economic
425.4,7,0,7,6020,12,0,11,590,0.0,Economic
426.4,7,0,7,6190,12,0,11,630,0.0,Economic
427.4,7,0,7,6190,12,0,11,700,0.0,Economic
428.5,7,0,7,6130,12,0,11,740,0.0,Economic
429.5,7,0,7,6380,12,0,12,410,0.0,Economic
430.5,7,0,7,6570,12,0,12,450,0.0,Economic
431.7,7,0,7,6590,12,0,12,530,0.0,Economic
432.7,7,0,7,6630,12,0,12,560,0.0,Economic
433.8,7,0,7,6850,12,0,12,610,0.0,Economic
434.8,7,0,7,6620,12,0,12,650,0.0,Economic
435.9,7,0,7,6590,12,0,12,710,0.0,Economic
436.9,7,0,7,6900,12,0,12,760,0.0,Economic
438.0,7,0,7,7090,12,0,12,810,0.0,Economic
439.1,7,0,7,7400,12,0,12,860,0.0,Economic
440.1,7,0,7,7610,12,0,12,410,0.0,Aggressive
441.2,7,0,7,7660,12,0,12,470,0.0,Aggressive
442.2,7,0,7,6750,12,0,12,520,0.0,Economic
443.2,7,0,7,7070,12,0,12,580,0.0,Economic
444.3,7,0,7,7030,12,0,12,640,0.0,Economic
445.3,7,0,7,7350,12,0,12,700,0.0,Economic
446.4,7,0,7,7080,12,0,12,740,0.0,Economic
447.4,8,0,7,6900,12,0,12,780,0.0,Economic
448.5,8,0,7,6890,12,0,12,840,0.0,Economic
449.6,8,0,7,7220,12,0,12,890,0.0,Economic
450.6,8,0,7,7450,12,0,12,950,0.0,Economic
451.6,8,0,7,7530,12,0,12,1010,0.0,Aggressive
452.7,8,0,7,7510,13,1,12,1070,0.0,Aggressive
453.7,8,0,7,7850,13,1,12,1140,0.0,Aggressive
454.8,8,0,7,8070,13,1,12,1190,0.0,Aggressive
455.8,8,0,7,8420,13,1,12,710,0.0,Aggressive
456.8,8,0,7,8400,13,1,12,760,0.0,Aggressive
457.8,9,0,7,6760,13,1,12,820,0.0,Economic
458.9,9,0,7,7000,13,1,12,870,0.0,Economic
460.0,9,0,7,7370,13,1,12,930,0.0,Economic
461.1,9,0,7,7160,13,1,12,980,0.0,Economic
462.1,9,0,7,7550,13,1,12,1050,0.0,Aggressive
463.2,9,0,7,7520,13,1,12,1090,0.0,Aggressive
464.2,9,0,7,7930,13,1,12,1160,0.0,Aggressive
465.2,9,0,7,8160,13,1,12,1200,0.0,Aggressive
466.2,9,0,7,8570,13,1,13,870,0.0,Aggressive
467.3,9,0,7,8800,13,1,13,910,0.0,Aggressive
468.3,9,0,7,9210,13,1,13,980,0.0,Aggressive
469.4,10,0,7,9230,13,1,13,1020,0.0,Aggressive
470.4,10,0,7,7600,13,1,13,1060,0.0,Aggressive
471.5,10,0,7,7880,13,1,13,1100,0.0,Aggressive
472.6,10,0,7,8280,13,1,13,1150,0.0,Aggressive
473.6,10,0,7,8730,13,1,13,1180,0.0,Aggressive
474.7,10,0,7,9060,13,1,13,1190,0.0,Aggressive
475.7,11,0,7,9180,13,1,13,1190,0.0,Aggressive
476.7,11,0,7,9520,13,1,13,1210,0.0,Aggressive
477.8,11,0,7,9900,13,1,13,1220,0.0,Aggressive
478.8,11,0,7,8260,13,1,13,1250,0.0,Aggressive
479.8,11,0,7,8640,13,1,13,1260,0.0,Aggressive
480.9,12,0,7,9010,13,1,14,920,0.0,Aggressive
482.0,12,0,7,9200,13,1,14,940,0.0,Aggressive
483.0,12,0,7,9570,13,1,14,1000,0.0,Aggressive
484.1,12,0,7,9990,13,1,14,1030,0.0,Aggressive
485.1,12,0,7,10320,13,1,14,1080,0.0,Aggressive
486.1,12,0,7,8740,13,1,14,1110,0.0,Aggressive
487.3,13,0,7,8830,13,1,14,1170,0.0,Aggressive
488.5,13,0,7,9240,13,1,14,1230,0.0,Aggressive
489.5,13,0,7,9600,13,1,14,1260,0.0,Aggressive
490.6,13,0,7,9980,13,1,15,900,0.0,Aggressive
491.7,13,0,7,10350,13,1,15,930,0.0,Aggressive
492.7,13,0,7,10750,13,1,15,990,0.0,Aggressive
493.8,14,0,7,10920,13,1,15,1000,0.0,Aggressive
494.8,14,0,7,9230,13,1,15,1090,0.0,Aggressive
495.9,14,0,7,9640,13,1,15,1110,0.0,Aggressive
496.9,14,0,7,9950,13,1,15,1200,0.0,Aggressive
498.0,14,0,7,10580,13,1,15,1230,0.0,Aggressive
499.0,14,0,7,10690,13,1,15,1310,0.0,Aggressive
500.0,15,0,7,10550,13,1,15,1340,0.0,Aggressive
501.0,15,0,7,9560,13,1,16,1020,0.0,Aggressive
502.1,15,0,7,10200,13,1,16,1050,0.0,Aggressive
503.1,15,0,7,9770,13,1,16,1130,0.0,Aggressive
504.2,15,0,7,10410,13,1,16,1160,0.0,Aggressive
505.2,15,0,7,10650,13,1,16,1240,0.0,Aggressive
506.2,16,0,7,10360,13,1,16,1270,0.0,Aggressive
507.3,16,0,7,10640,13,1,16,1350,0.0,Aggressive
508.3,16,0,7,10560,13,1,16,1380,0.0,Aggressive
509.4,16,0,7,10830,13,1,16,1460,0.0,Aggressive
510.4,16,0,7,11300,13,1,16,1490,0.0,Aggressive
511.5,16,0,7,11570,13,1,17,1170,0.0,Aggressive
512.5,17,0,7,11780,13,1,17,1200,0.0,Aggressive
513.6,17,0,7,12050,13,1,17,1240,0.0,Aggressive
514.6,17,0,7,12500,13,1,17,1290,0.0,Aggressive
515.7,17,0,7,12770,13,1,17,1320,0.0,Aggressive
516.7,17,0,7,11210,13,1,17,1370,0.0,Aggressive
517.7,17,0,7,11480,13,1,17,1380,0.0,Aggressive
518.8,18,0,7,11760,13,1,17,1410,0.0,Aggressive
519.8,18,0,7,11990,13,1,17,1440,0.0,Aggressive
520.9,18,0,7,12510,13,1,17,1500,0.0,Aggressive
521.9,18,0,7,12760,13,1,17,1530,0.0,Aggressive
523.0,18,0,7,13310,13,1,18,1210,0.0,Aggressive
524.1,18,0,7,11560,13,1,18,1260,0.0,Aggressive
525.1,19,0,7,12100,13,1,18,1320,0.0,Aggressive
526.1,19,0,7,12350,13,1,18,1370,0.0,Aggressive
527.2,19,0,7,12950,13,1,18,1430,0.0,Aggressive
528.2,19,0,7,13160,13,1,18,1480,0.0,Aggressive
529.2,19,0,7,13760,13,1,18,1540,0.0,Aggressive
530.3,19,0,7,13960,13,1,18,1590,0.0,Aggressive
531.3,19,0,7,10030,13,1,18,1650,0.0,Aggressive
532.4,19,0,7,9740,13,1,19,1310,0.0,Aggressive
533.5,19,0,7,10320,13,1,19,1370,0.0,Aggressive
534.6,19,0,7,10780,13,1,19,1420,0.0,Aggressive
535.6,19,0,7,11130,13,1,19,1480,0.0,Aggressive
536.6,19,0,7,11600,13,1,19,1530,0.0,Aggressive
537.7,19,0,7,11960,13,1,19,1590,0.0,Aggressive
538.7,19,0,7,11930,13,1,19,1640,0.0,Aggressive
539.8,19,0,7,12310,13,1,19,1700,0.0,Aggressive
540.8,19,0,7,12760,13,1,19,1750,0.0,Aggressive
541.9,19,0,7,13140,13,1,19,1810,0.0,Aggressive
542.9,19,0,7,13800,13,1,20,1460,0.0,Aggressive
544.0,24,5,7,11460,13,1,20,1510,0.0,Aggressive
545.0,25,6,7,11620,13,1,20,1550,0.0,Aggressive
546.1,25,6,7,11820,13,1,20,1590,0.0,Aggressive
547.1,25,6,7,12450,13,1,20,1620,0.0,Aggressive
548.2,25,6,7,12650,13,1,20,1640,0.0,Aggressive
549.2,25,6,7,13290,13,1,20,1660,0.0,Aggressive
550.3,26,7,7,13140,13,1,20,1710,0.0,Aggressive
551.3,26,7,7,13620,13,1,20,1730,0.0,Aggressive
552.4,25,6,7,13970,13,1,20,1800,0.0,Aggressive
553.4,25,6,7,14030,13,1,20,1810,0.0,Aggressive
554.5,25,6,7,14280,13,1,20,1880,0.0,Aggressive
555.5,30,11,7,14840,13,1,20,1900,0.0,Aggressive
556.6,31,12,7,12580,13,1,20,1980,0.0,Aggressive
557.6,31,12,7,12630,13,1,20,2000,0.0,Aggressive
558.7,30,11,7,12880,13,1,21,1690,0.0,Aggressive
559.7,30,11,7,13430,13,1,21,1710,0.0,Aggressive
560.8,29,10,7,13680,13,1,21,1800,0.0,Aggressive
561.8,29,10,7,14240,13,1,21,1820,0.0,Aggressive
562.9,30,11,7,14010,13,1,21,1890,0.0,Aggressive
563.9,30,11,7,14550,13,1,21,1900,0.0,Aggressive
564.9,31,12,7,14330,13,1,21,1960,0.0,Aggressive
566.0,31,12,7,14880,13,1,21,2010,0.0,Aggressive
567.1,30,11,7,15170,13,1,21,2070,0.0,Aggressive
568.1,35,16,7,15750,13,1,21,2130,0.0,Aggressive
569.2,36,17,7,13530,13,1,22,1780,0.0,Aggressive
570.3,36,17,7,13600,13,1,22,1840,0.0,Aggressive
571.4,35,16,7,13870,13,1,22,1880,0.0,Aggressive
572.5,35,16,7,14450,13,1,22,1940,0.0,Aggressive
573.6,35,16,7,14930,13,1,22,1960,0.0,Aggressive
574.7,36,17,7,14820,13,1,22,2030,0.0,Aggressive
575.7,35,16,7,15290,13,1,22,2060,0.0,Aggressive
576.8,35,16,7,15670,13,1,22,2120,0.0,Aggressive
577.8,36,17,7,15650,13,1,22,2160,0.0,Aggressive
578.9,36,17,7,16020,13,1,22,2220,0.0,Aggressive
579.9,35,16,7,16500,13,1,23,1870,0.0,Aggressive
581.1,40,21,7,14370,13,1,23,1920,0.0,Aggressive
582.2,41,22,7,14570,13,1,23,1990,0.0,Aggressive
583.4,41,22,7,14910,13,1,23,2050,0.0,Aggressive
584.5,40,21,7,15480,13,1,23,2110,0.0,Aggressive
585.6,40,21,7,15780,13,1,23,2160,0.0,Aggressive
586.6,41,22,7,16370,13,1,23,2250,0.0,Aggressive
587.7,41,22,7,16130,13,1,23,2270,0.0,Aggressive
588.8,41,22,7,16740,13,1,23,2360,0.0,Aggressive
590.0,42,23,7,16490,13,1,23,2390,0.0,Aggressive
591.0,42,23,7,17090,13,1,23,2420,0.0,Aggressive
592.1,41,22,7,17580,13,1,23,2450,0.0,Aggressive
593.3,45,26,7,17410,13,1,24,2080,0.0,Aggressive
594.4,46,27,7,16750,13,1,24,2140,0.0,Aggressive
595.5,46,27,7,15990,13,1,24,2180,0.0,Aggressive
596.8,46,27,7,16100,13,1,24,2260,0.0,Aggressive
597.8,45,26,7,16390,13,1,24,2300,0.0,Aggressive
599.0,46,27,7,16290,13,1,24,2370,0.0,Aggressive
600.2,46,27,7,16020,13,1,24,2410,0.0,Aggressive
601.3,46,27,7,16570,13,1,24,2500,0.0,Aggressive
602.3,47,28,7,16230,13,1,24,2520,0.0,Aggressive
603.4,46,27,7,16240,13,1,25,2210,0.0,Aggressive
604.6,45,26,7,16670,13,1,25,2280,0.0,Aggressive
605.7,45,26,7,16490,13,1,25,2320,0.0,Aggressive
606.9,45,26,7,16920,13,1,25,2360,0.0,Aggressive
608.0,45,26,7,16750,13,1,25,2390,0.0,Aggressive
609.2,44,26,7,17140,13,1,25,2420,0.0,Aggressive
610.4,44,26,7,16940,13,1,25,2440,0.0,Aggressive
611.4,44,26,7,16900,13,1,25,2470,0.0,Aggressive
612.6,43,25,7,17200,13,1,25,2490,0.0,Aggressive
613.7,42,24,7,17170,13,1,25,2520,0.0,Aggressive
614.8,43,24,7,17460,13,1,25,2550,0.0,Aggressive
616.0,43,24,7,17430,13,1,25,2580,0.0,Aggressive
617.0,43,24,7,17720,13,1,25,2130,0.0,Aggressive
618.1,43,24,7,17690,13,1,24,2160,0.0,Aggressive
619.1,43,24,7,17480,13,1,24,2210,0.0,Aggressive
620.2,44,25,7,17960,13,1,24,2260,0.0,Aggressive
621.2,44,25,7,17760,13,1,24,2310,0.0,Aggressive
622.2,45,26,7,18250,13,1,24,2370,0.0,Aggressive
623.4,45,26,7,18050,13,1,24,2420,0.0,Aggressive
624.4,45,26,7,18050,13,1,24,2490,0.0,Aggressive
625.7,46,27,7,18370,13,1,24,2550,0.0,Aggressive
626.8,46,27,7,18450,13,1,25,2220,0.0,Aggressive
628.0,47,28,7,18690,13,1,25,2270,0.0,Aggressive
629.4,46,27,7,19000,14,2,25,2340,0.0,Aggressive
630.5,46,27,7,19040,14,2,24,2370,0.0,Aggressive
631.5,46,27,7,19330,14,2,24,2420,0.0,Aggressive
632.6,46,27,7,18870,14,2,24,2450,0.0,Aggressive
633.9,47,28,7,19160,14,2,24,2520,0.0,Aggressive
634.9,46,27,7,19240,14,2,24,2580,0.0,Aggressive
636.1,47,28,7,19510,14,2,24,2630,0.0,Aggressive
637.3,48,29,7,20170,14,2,24,2720,0.0,Aggressive
638.3,48,29,7,19860,14,2,24,2740,0.0,Aggressive
639.5,49,30,7,20020,14,2,24,2830,0.0,Aggressive
640.7,47,28,7,20250,14,2,24,2880,0.0,Aggressive
641.8,48,29,7,20560,14,2,25,2560,0.0,Aggressive
642.9,48,29,7,20100,14,2,25,2590,0.0,Aggressive
644.0,50,31,7,20380,14,2,25,2650,0.0,Aggressive
645.0,49,30,7,20420,14,2,25,2680,0.0,Aggressive
646.1,49,30,7,20700,14,2,25,2730,0.0,Aggressive
647.1,49,30,7,20740,14,2,25,2780,0.0,Aggressive
648.3,49,30,7,21020,14,2,25,2830,0.0,Aggressive
649.4,49,30,7,21100,14,2,25,2870,0.0,Aggressive
650.6,50,31,7,21360,14,2,25,2910,0.0,Aggressive
651.7,51,32,7,20940,14,2,25,2950,0.0,Aggressive
652.9,51,32,7,21220,14,2,26,2590,0.0,Aggressive
654.2,53,34,7,21290,14,2,26,2650,0.0,Aggressive
655.3,53,34,7,21570,14,2,26,2690,0.0,Aggressive
656.4,54,35,7,21640,14,2,26,2760,0.0,Aggressive
657.7,53,34,7,21910,14,2,26,2800,0.0,Aggressive
659.1,53,34,7,22540,14,2,26,2910,0.0,Aggressive
660.7,53,34,7,22290,14,2,26,2980,0.0,Aggressive
661.8,53,34,7,22550,14,2,26,3000,0.0,Aggressive
662.9,55,36,7,22090,14,2,26,3070,0.0,Aggressive
664.4,56,37,7,22310,14,2,27,2710,0.0,Aggressive
665.5,56,37,7,22350,14,2,27,2750,0.0,Aggressive
667.3,55,36,7,22580,14,2,27,2780,0.0,Aggressive
668.8,56,37,7,22840,14,2,27,2830,0.0,Aggressive
670.3,57,38,7,22880,14,2,27,2840,0.0,Aggressive
671.8,55,36,7,23090,14,2,27,2880,0.0,Aggressive
673.2,55,36,7,23350,14,2,27,2930,0.0,Aggressive
674.6,57,38,7,23410,14,2,27,2970,0.0,Aggressive
675.6,57,38,7,23630,14,2,27,3000,0.0,Aggressive
676.8,58,39,7,23700,14,2,27,3040,0.0,Aggressive
678.0,56,37,7,23960,14,2,26,3070,0.0,Aggressive
679.0,56,37,7,24040,14,2,26,3120,0.0,Aggressive
680.2,57,38,7,24300,14,2,26,3170,0.0,Aggressive
681.4,58,39,7,24400,14,2,26,3250,0.0,Aggressive
682.5,57,38,7,24640,14,2,27,2880,0.0,Aggressive
683.6,58,39,7,24740,14,2,26,2930,0.0,Aggressive
684.7,58,39,7,24960,14,2,26,2960,0.0,Aggressive
686.9,59,40,7,25290,14,2,25,3050,0.0,Aggressive
688.1,59,40,7,25370,14,2,25,3070,0.0,Aggressive
689.1,59,40,7,26090,14,2,25,3090,0.0,Aggressive
690.2,60,41,7,25200,14,2,25,3120,0.0,Aggressive
691.4,59,40,7,25420,14,2,25,3140,0.0,Aggressive
692.7,60,41,7,25540,14,2,25,3180,0.0,Aggressive
693.8,61,42,7,25770,14,2,25,3200,0.0,Aggressive
695.0,61,42,7,25890,14,2,25,3260,0.0,Aggressive
696.1,61,42,7,26120,14,2,25,2790,0.0,Aggressive
697.2,61,42,7,26230,14,2,25,2840,0.0,Aggressive
698.5,60,41,7,26510,14,2,25,2920,0.0,Aggressive
699.5,61,42,7,27260,14,2,25,2950,0.0,Aggressive
700.6,61,42,7,26830,14,2,24,3020,0.0,Aggressive
701.7,61,42,7,27070,14,2,24,3050,0.0,Aggressive
703.1,62,43,7,26630,14,2,24,3120,0.0,Aggressive
704.1,63,44,7,26880,14,2,24,3170,0.0,Aggressive
705.3,63,44,7,26960,14,2,24,3210,0.0,Aggressive
706.6,64,45,7,27200,14,2,24,3260,0.0,Aggressive
707.6,65,46,7,27290,15,3,24,3300,0.0,Aggressive
708.8,63,44,7,27570,15,3,25,2970,0.0,Aggressive
709.9,64,45,7,27610,15,3,25,2970,0.0,Aggressive
711.0,64,45,7,27840,15,3,25,3010,0.0,Aggressive
712.0,64,45,7,27870,15,3,25,3010,0.0,Aggressive
713.3,65,46,7,28110,15,3,25,3010,0.0,Aggressive
714.4,66,47,7,28140,15,3,25,3020,0.0,Aggressive
715.6,67,48,7,27900,15,3,24,3040,0.0,Aggressive
717.0,67,48,7,27940,15,3,24,3050,0.0,Aggressive
718.2,68,49,7,28210,15,3,24,3070,0.0,Aggressive
719.3,68,49,7,28250,15,3,24,3080,0.0,Aggressive
720.4,69,50,7,28510,15,3,24,3100,0.0,Aggressive
721.7,68,49,7,28520,15,3,24,3100,0.0,Aggressive
723.1,68,49,7,28770,15,3,24,3110,0.0,Aggressive
724.7,68,49,7,29030,15,3,24,3120,0.0,Aggressive
726.1,67,48,7,29240,15,3,24,3120,0.0,Aggressive
727.2,69,50,7,29290,15,3,24,3130,0.0,Aggressive
728.3,69,50,7,29500,15,3,24,3140,0.0,Aggressive
729.5,69,50,7,29540,15,3,24,3170,0.0,Aggressive
730.7,69,50,7,29740,15,3,24,3200,0.0,Aggressive
731.7,69,50,7,29800,15,3,24,3230,0.0,Aggressive
733.4,68,49,7,30040,15,3,25,2880,0.0,Aggressive
734.8,68,49,7,29790,15,3,24,2950,0.0,Aggressive
736.0,68,49,7,29800,15,3,24,2970,0.0,Aggressive
737.3,69,50,7,30030,15,3,24,3040,0.0,Aggressive
739.0,69,50,7,30230,15,3,24,3100,0.0,Aggressive
740.1,69,50,7,30240,15,3,24,3100,0.0,Aggressive
741.7,67,48,7,30460,15,3,24,3160,0.0,Aggressive
743.2,68,49,7,30500,15,3,24,3180,0.0,Aggressive
744.4,68,49,7,30710,15,3,24,3220,0.0,Aggressive
745.4,69,50,7,30750,15,3,24,3240,0.0,Aggressive
746.7,70,51,7,30970,15,3,24,3300,0.0,Aggressive
747.8,70,51,7,30510,15,3,24,3340,0.0,Aggressive
748.9,70,51,7,30750,15,3,23,2890,0.0,Aggressive
750.3,71,52,7,30790,15,3,23,2940,0.0,Aggressive
751.5,72,53,7,31020,15,3,23,2980,0.0,Aggressive
752.9,70,51,7,31750,15,3,23,3050,0.0,Aggressive
754.5,71,52,7,31290,15,3,23,3080,0.0,Aggressive
755.7,71,52,7,31500,15,3,23,3120,0.0,Aggressive
757.2,72,53,7,31270,15,3,22,3170,0.0,Aggressive
758.7,72,53,7,31290,15,3,22,3200,0.0,Aggressive
759.9,73,54,7,31510,15,3,22,3250,0.0,Aggressive
761.7,74,55,7,31530,16,4,22,2810,0.0,Aggressive
763.2,74,55,7,31780,16,4,22,2890,0.0,Aggressive
764.3,75,56,7,32010,16,4,22,2960,0.0,Aggressive
765.5,75,56,7,31550,16,4,22,3010,0.0,Aggressive
766.8,76,57,7,31800,16,4,22,3080,0.0,Aggressive
768.0,77,58,7,31820,16,4,22,3120,0.0,Aggressive
769.2,79,60,7,32530,16,4,22,3150,0.0,Aggressive
770.4,79,60,7,32050,16,4,22,3180,0.0,Aggressive
772.0,80,61,7,32260,16,4,22,3210,0.0,Aggressive
773.2,80,61,7,32290,17,5,22,2740,0.0,Aggressive
774.7,81,62,7,32030,17,5,21,2790,0.0,Aggressive
775.8,81,62,7,32040,17,5,21,2790,0.0,Aggressive
777.5,81,62,7,32270,17,5,21,2840,0.0,Aggressive
778.8,82,63,7,32480,17,5,21,2870,0.0,Aggressive
780.1,83,64,7,32710,17,5,21,2900,0.0,Aggressive
781.8,83,64,7,32710,17,5,21,2900,0.0,Aggressive
783.2,83,64,7,32940,17,5,21,2930,0.0,Aggressive
786.3,81,62,7,32690,18,6,20,2460,0.0,Aggressive
787.8,82,63,7,32690,18,6,20,2460,0.0,Aggressive
789.1,83,64,7,32920,18,6,20,2490,0.0,Aggressive
790.2,84,65,7,32920,18,6,20,2490,0.0,Aggressive
791.4,84,65,7,33110,18,6,20,2490,0.0,Aggressive
792.9,85,66,7,33110,18,6,20,2500,0.0,Aggressive
794.0,85,66,7,33300,18,6,19,2500,0.0,Aggressive
795.2,86,67,7,33300,18,6,19,2510,0.0,Aggressive
796.7,85,66,7,33460,18,6,19,2510,0.0,Aggressive
797.9,85,66,7,33460,18,6,19,2510,0.0,Aggressive
799.4,87,68,7,33620,19,7,19,2010,0.0,Aggressive
801.5,88,69,7,33780,19,7,19,2010,0.0,Aggressive
804.1,87,68,7,33940,19,7,19,2010,0.0,Aggressive
805.4,87,68,7,33940,19,7,19,2010,0.0,Aggressive
806.8,88,69,7,34600,19,7,19,2010,0.0,Aggressive
809.1,89,70,7,34760,19,7,19,2010,0.0,Aggressive
811.3,89,70,7,34920,19,7,18,2010,0.0,Aggressive
814.7,89,70,7,35080,20,8,18,2010,0.0,Aggressive
817.0,90,71,7,35240,20,8,18,2010,0.0,Aggressive
818.8,89,70,7,35240,20,8,18,2010,0.0,Aggressive
819.9,89,70,7,35400,20,8,18,2010,0.0,Aggressive
821.7,90,71,7,35560,20,8,18,2010,0.0,Aggressive
822.9,90,71,7,35560,20,8,18,2010,0.0,Aggressive
824.2,89,70,7,35720,20,8,18,2010,0.0,Aggressive
825.2,89,70,7,35720,20,8,17,2010,0.0,Aggressive
826.2,89,70,7,35880,20,8,17,2010,0.0,Aggressive
827.2,90,71,7,35880,20,8,16,2010,0.0,Aggressive
828.9,90,71,7,36040,20,8,16,2010,0.0,Aggressive
830.4,91,72,7,36040,20,8,16,2010,0.0,Aggressive
831.4,91,72,7,36200,20,8,16,2010,0.0,Aggressive
832.7,92,73,7,36200,20,8,16,2010,0.0,Aggressive
835.3,93,74,7,36360,20,8,16,2010,0.0,Aggressive
836.7,94,75,7,36360,20,8,16,2010,0.0,Aggressive
838.3,95,76,7,37020,20,8,16,2010,0.0,Aggressive
839.8,95,76,7,37020,20,8,16,2010,0.0,Aggressive
841.1,95,76,7,37680,20,8,15,2010,0.0,Aggressive
842.7,95,76,7,37680,20,8,15,2010,0.0,Aggressive
844.1,95,76,7,38340,20,8,14,2010,0.0,Aggressive
847.9,95,76,7,39000,20,8,14,2010,0.0,Aggressive
850.4,94,75,7,37660,20,8,14,2010,0.0,Aggressive
851.6,94,75,7,37660,20,8,14,2010,0.0,Aggressive
853.2,94,75,7,37820,20,8,14,2010,0.0,Aggressive
855.0,94,75,7,37980,20,8,14,2010,0.0,Aggressive
856.0,94,75,7,37980,20,8,14,2010,0.0,Aggressive
857.1,94,75,7,38140,20,8,13,2010,0.0,Aggressive
858.3,94,75,7,38140,20,8,13,2010,0.0,Aggressive
860.3,94,75,7,38300,20,8,13,2010,0.0,Aggressive
861.5,94,75,7,38300,20,8,13,2010,0.0,Aggressive
862.7,95,76,7,38960,20,8,13,2010,0.0,Aggressive
863.7,94,75,7,38460,20,8,13,2010,0.0,Aggressive
866.6,95,76,7,39120,20,8,13,2010,0.0,Aggressive
870.5,95,76,7,39780,20,8,13,2010,0.0,Aggressive
871.9,95,76,7,39780,20,8,13,2010,0.0,Aggressive
875.3,95,76,7,40440,20,8,13,2010,0.0,Aggressive
877.5,95,76,7,41100,20,8,13,2010,0.0,Aggressive
882.5,95,76,7,41760,20,8,13,2010,0.0,Aggressive
885.5,94,75,7,39920,20,8,12,2010,0.0,Aggressive
886.9,94,75,7,39920,20,8,12,2010,0.0,Aggressive
892.3,94,75,7,40080,20,8,12,2010,0.0,Aggressive
896.1,94,75,7,40240,20,8,12,2010,0.0,Aggressive
898.3,95,76,7,40900,20,8,12,2010,0.0,Aggressive
904.4,94,75,7,40560,20,8,12,2010,0.0,Aggressive
911.1,94,75,7,40720,20,8,12,2010,0.0,Aggressive
917.7,95,76,7,41380,20,8,11,2010,0.0,Aggressive
924.4,94,75,7,41040,20,8,11,2010,0.0,Aggressive
929.6,94,75,7,41200,20,8,11,2010,0.0,Aggressive
933.5,93,74,7,41360,20,8,11,2010,0.0,Aggressive
935.1,93,74,7,41360,20,8,11,2010,0.0,Aggressive
936.6,95,76,7,42020,20,8,11,2010,0.0,Aggressive
937.9,95,76,7,42020,20,8,11,2010,0.0,Aggressive
938.9,95,76,7,42680,20,8,11,2010,0.0,Aggressive
940.6,95,76,7,42680,20,8,11,2010,0.0,Aggressive
942.1,95,76,7,43340,20,8,11,2010,0.0,Aggressive
943.6,95,76,7,43340,20,8,11,2010,0.0,Aggressive
945.0,95,76,7,44000,20,8,11,2010,0.0,Aggressive
948.6,95,76,7,44660,20,8,11,2010,0.0,Aggressive
955.3,95,76,7,45320,20,8,10,2010,0.0,Aggressive
961.9,95,76,7,45980,20,8,10,2010,0.0,Aggressive
966.0,95,76,7,46640,20,8,10,2010,0.0,Aggressive
968.3,95,76,7,47300,20,8,10,2010,0.0,Aggressive
971.9,95,76,7,47960,20,8,10,2010,0.0,Aggressive
975.6,94,75,7,44620,20,8,10,2010,0.0,Aggressive
978.1,94,75,7,45280,20,8,9,2010,0.0,Aggressive
979.3,94,75,7,45280,20,8,9,2010,0.0,Aggressive
982.5,94,75,7,45940,20,8,9,2010,0.0,Aggressive
984.7,94,75,7,46600,20,8,9,2010,0.0,Aggressive
991.3,95,76,7,47260,20,8,9,2010,0.0,Aggressive
998.0,95,76,7,47920,20,8,9,2010,0.0,Aggressive
999.8,95,76,7,47920,20,8,9,2010,0.0,Aggressive
1001.7,95,76,7,48580,20,8,9,2010,0.0,Aggressive
1003.9,95,76,7,49240,20,8,9,2010,0.0,Aggressive
1005.9,94,75,7,45900,20,8,9,2010,0.0,Aggressive
1007.3,94,75,7,45900,20,8,9,2010,0.0,Aggressive
1008.8,94,75,7,46560,20,8,9,2010,0.0,Aggressive
1010.4,94,75,7,46560,20,8,9,2010,0.0,Aggressive
1011.4,94,75,7,47220,20,8,9,2010,0.0,Aggressive
1013.3,94,75,7,47220,20,8,9,2010,0.0,Aggressive
1014.5,94,75,7,47880,20,8,9,2010,0.0,Aggressive
1017.1,94,75,7,48540,20,8,9,2010,0.0,Aggressive
1019.0,95,76,7,48540,20,8,9,2010,0.0,Aggressive
1020.8,95,76,7,49200,20,8,9,2010,0.0,Aggressive
1023.0,95,76,7,49860,20,8,9,2010,0.0,Aggressive
1025.2,94,75,7,46520,20,8,9,2010,0.0,Aggressive
1026.4,94,75,7,47180,20,8,9,2010,0.0,Aggressive
1027.9,94,75,7,47180,20,8,9,2010,0.0,Aggressive
1029.3,94,75,7,47840,20,8,9,2010,0.0,Aggressive
1030.9,94,75,7,48500,20,8,9,2010,0.0,Aggressive
1032.2,93,74,7,48500,20,8,9,2010,0.0,Aggressive
1034.1,93,74,7,49160,20,8,9,2010,0.0,Aggressive
1035.6,93,74,7,49160,20,8,9,2010,0.0,Aggressive
1037.2,93,74,7,49820,20,8,9,2010,0.0,Aggressive
1038.4,95,76,7,49820,20,8,9,2010,0.0,Aggressive
1045.1,94,75,7,47980,20,8,9,2010,0.0,Aggressive
1047.5,94,75,7,48140,20,8,9,2010,0.0,Aggressive
1049.7,94,75,7,48300,20,8,9,2010,0.0,Aggressive
1051.9,93,74,7,48460,20,8,9,2010,0.0,Aggressive
1054.1,93,74,7,49120,20,8,9,2010,0.0,Aggressive
1055.7,93,74,7,49120,20,8,9,2010,0.0,Aggressive
1057.3,95,76,7,49780,20,8,9,2010,0.0,Aggressive
1058.4,94,75,7,48940,20,8,9,2010,0.0,Aggressive
1059.9,95,76,7,48940,20,8,9,2010,0.0,Aggressive
1062.1,95,76,7,49600,20,8,9,2010,0.0,Aggressive
1063.1,95,76,7,50260,20,8,9,2010,0.0,Aggressive
1065.0,94,75,7,49760,20,8,9,2010,0.0,Aggressive
1066.4,94,75,7,49920,20,8,9,2010,0.0,Aggressive
1067.4,94,75,7,49920,20,8,9,2010,0.0,Aggressive
1069.2,94,75,7,50080,20,8,9,2010,0.0,Aggressive
1070.5,95,76,7,50740,20,8,9,2010,0.0,Aggressive
1072.1,95,76,7,50740,20,8,9,2010,0.0,Aggressive
1074.1,95,76,7,51400,20,8,9,2010,0.0,Aggressive
1075.8,95,76,7,51400,20,8,9,2010,0.0,Aggressive
1077.1,95,76,7,52060,20,8,9,2010,0.0,Aggressive
1078.5,95,76,7,52060,20,8,9,2010,0.0,Aggressive
1080.3,95,76,7,52720,20,8,9,2010,0.0,Aggressive
1082.1,95,76,7,52720,20,8,9,2010,0.0,Aggressive
1084.2,94,75,7,50880,20,8,9,2010,0.0,Aggressive
1085.5,94,75,7,50880,20,8,9,2010,0.0,Aggressive
1086.8,94,75,7,51040,20,8,9,2010,0.0,Aggressive
1088.4,94,75,7,51040,20,8,9,2010,0.0,Aggressive
1089.5,94,75,7,51200,20,8,9,2010,0.0,Aggressive
1091.2,94,75,7,51200,20,8,9,2010,0.0,Aggressive
1092.5,94,75,7,51360,20,8,9,2010,0.0,Aggressive
1093.6,94,75,7,52020,20,8,9,2010,0.0,Aggressive
1094.9,94,75,7,52020,20,8,9,2010,0.0,Aggressive
1096.5,95,76,7,52680,20,8,9,2010,0.0,Aggressive
1098.5,95,76,7,53340,20,8,9,2010,0.0,Aggressive
1100.5,95,76,7,53340,20,8,9,2010,0.0,Aggressive
1101.7,95,76,7,54000,20,8,9,2010,0.0,Aggressive
1103.4,95,76,7,54000,20,8,9,2010,0.0,Aggressive
1104.9,95,76,7,54660,20,8,9,2010,0.0,Aggressive
1107.1,95,76,7,55320,20,8,9,2010,0.0,Aggressive
1108.3,95,76,7,55320,20,8,9,2010,0.0,Aggressive
1109.6,94,75,7,52980,20,8,9,2010,0.0,Aggressive
1110.8,94,75,7,52980,20,8,9,2010,0.0,Aggressive
1112.2,94,75,7,53140,20,8,9,2010,0.0,Aggressive
1113.3,94,75,7,53140,20,8,9,2010,0.0,Aggressive
1114.7,94,75,7,53300,20,8,9,2010,0.0,Aggressive
1115.9,94,75,7,53300,20,8,9,2010,0.0,Aggressive
1117.2,94,75,7,53960,20,8,9,2010,0.0,Aggressive
1119.5,94,75,7,54620,20,8,9,2010,0.0,Aggressive
1121.4,94,75,7,54620,20,8,9,2010,0.0,Aggressive
1122.5,95,76,7,55280,20,8,9,2010,0.0,Aggressive
1124.0,95,76,7,55280,20,8,9,2010,0.0,Aggressive
1125.0,95,76,7,55940,20,8,9,2010,0.0,Aggressive
1126.6,95,76,7,55940,20,8,9,2010,0.0,Aggressive
1129.3,93,74,7,54600,20,8,9,2010,0.0,Aggressive
1130.6,93,74,7,54760,20,8,9,2010,0.0,Aggressive
1131.7,93,74,7,54760,20,8,9,2010,0.0,Aggressive
1132.9,93,74,7,54920,20,8,9,2010,0.0,Aggressive
1134.1,93,74,7,54920,20,8,9,2010,0.0,Aggressive
1136.1,92,73,7,55080,20,8,9,2010,0.0,Aggressive
1137.2,92,73,7,55080,20,8,9,2010,0.0,Aggressive
1138.8,92,73,7,55240,20,8,9,2010,0.0,Aggressive
1139.9,92,73,7,55240,20,8,9,2010,0.0,Aggressive
1141.9,95,76,7,55900,20,8,9,2010,0.0,Aggressive
1143.0,95,76,7,56560,20,8,9,2010,0.0,Aggressive
1145.0,95,76,7,57220,20,8,9,2010,0.0,Aggressive
1147.1,95,76,7,57880,20,8,9,2010,0.0,Aggressive
1149.3,95,76,7,58540,20,8,9,2010,0.0,Aggressive
1151.2,95,76,7,58540,20,8,9,2010,0.0,Aggressive
1153.2,95,76,7,59200,20,8,9,2010,0.0,Aggressive
1154.4,95,76,7,59200,20,8,9,2010,0.0,Aggressive
1155.4,94,75,7,56360,20,8,9,2010,0.0,Aggressive
1157.4,94,75,7,56520,20,8,9,2010,0.0,Aggressive
1158.6,94,75,7,56520,20,8,9,2010,0.0,Aggressive
1160.3,94,75,7,57180,20,8,9,2010,0.0,Aggressive
1162.2,94,75,7,57180,20,8,9,2010,0.0,Aggressive
1163.9,94,75,7,57840,20,8,9,2010,0.0,Aggressive
1165.3,94,75,7,57840,20,8,9,2010,0.0,Aggressive
