Time,P1_Pop,P1_Soldiers,P1_Res,P2_Pop,P2_Soldiers,P2_Res,ScoreDiff,HybridMode
2.3,3,0,900,3,0,900,0.0,Economic
3.4,3,0,900,3,0,900,0.0,Economic
4.4,3,0,500,3,0,900,0.0,Economic
11.8,3,0,520,3,0,910,0.0,Economic
12.8,3,0,520,3,0,910,0.0,Economic
13.8,3,0,540,3,0,920,0.0,Economic
14.9,3,0,540,3,0,920,0.0,Economic
15.9,3,0,560,3,0,940,0.0,Economic
16.9,3,0,560,3,0,700,0.0,Economic
18.0,3,0,580,3,0,720,0.0,Economic
19.0,3,0,580,3,0,730,0.0,Economic
20.1,3,0,600,3,0,750,0.0,Economic
21.2,3,0,100,3,0,760,0.0,Economic
22.2,3,0,110,4,0,780,0.0,Economic
23.3,3,0,110,4,0,790,0.0,Economic
24.3,3,0,120,4,0,820,0.0,Economic
25.4,3,0,120,4,0,820,0.0,Economic
26.4,3,0,130,4,0,850,0.0,Economic
27.4,3,0,130,4,0,860,0.0,Economic
28.5,3,0,140,4,0,890,0.0,Economic
29.5,3,0,140,4,0,900,0.0,Economic
30.5,3,0,160,4,0,930,0.0,Economic
31.5,3,0,180,4,0,940,0.0,Economic
32.6,3,0,210,4,0,720,0.0,Economic
33.6,3,0,230,4,0,730,0.0,Economic
34.7,3,0,260,4,0,760,0.0,Economic
35.7,3,0,280,4,0,770,0.0,Economic
36.7,3,0,310,4,0,800,0.0,Economic
37.8,3,0,330,4,0,810,0.0,Economic
38.8,3,0,360,5,0,840,0.0,Economic
39.8,3,0,380,5,0,850,0.0,Economic
40.8,3,0,410,5,0,880,0.0,Economic
41.8,3,0,430,5,0,900,0.0,Economic
42.8,3,0,460,5,0,930,0.0,Economic
43.9,3,0,490,5,0,950,0.0,Economic
44.9,3,0,510,5,0,980,0.0,Economic
45.9,3,0,540,5,0,1000,0.0,Economic
47.0,3,0,560,5,0,1030,0.0,Economic
48.0,3,0,590,5,0,1050,0.0,Economic
49.1,3,0,620,5,0,1050,0.0,Economic
50.1,3,0,640,5,0,1070,0.0,Economic
51.1,3,0,670,5,0,1080,0.0,Economic
52.2,3,0,690,5,0,1110,0.0,Economic
53.3,3,0,720,5,0,1130,0.0,Economic
54.3,3,0,740,5,0,1160,0.0,Economic
55.3,3,0,770,5,0,1200,0.0,Economic
56.4,3,0,790,5,0,1210,0.0,Economic
57.4,3,0,820,5,0,1250,0.0,Economic
58.5,3,0,840,5,0,1260,0.0,Economic
59.5,3,0,870,5,0,1300,0.0,Economic
60.5,3,0,890,5,0,1310,0.0,Economic
61.6,3,0,920,5,0,1350,0.0,Economic
62.6,3,0,950,5,0,1360,0.0,Economic
63.7,3,0,970,5,0,1400,0.0,Economic
64.7,3,0,1000,5,0,1410,0.0,Economic
65.8,3,0,1020,5,0,1460,0.0,Economic
66.8,3,0,1050,5,0,1460,0.0,Economic
67.8,3,0,1070,5,0,1510,0.0,Economic
68.9,3,0,1100,5,0,1510,0.0,Economic
69.9,3,0,1120,5,0,1560,0.0,Economic
71.0,3,0,1150,5,0,1570,0.0,Economic
72.0,3,0,1170,5,0,1610,0.0,Economic
73.0,3,0,1200,5,0,1620,0.0,Economic
74.1,3,0,1220,5,0,1660,0.0,Economic
75.1,3,0,1250,5,0,1670,0.0,Economic
76.2,3,0,1280,5,0,1710,0.0,Economic
77.2,3,0,1300,5,0,1720,0.0,Economic
78.3,3,0,1310,5,0,1760,0.0,Economic
79.3,3,0,1330,5,0,1770,0.0,Economic
80.3,3,0,1350,5,0,1810,0.0,Economic
81.3,3,0,1380,5,0,1820,0.0,Economic
82.3,3,0,1400,5,0,1840,0.0,Economic
83.3,3,0,1430,5,0,1840,0.0,Economic
84.4,3,0,1450,5,0,1860,0.0,Economic
85.5,3,0,1480,5,0,1870,0.0,Economic
86.5,3,0,1500,5,0,1890,0.0,Economic
87.6,3,0,1540,5,0,1900,0.0,Economic
88.6,3,0,1560,5,0,1940,0.0,Economic
89.7,3,0,1590,5,0,1950,0.0,Economic
90.7,3,0,1610,5,0,1990,0.0,Economic
91.8,3,0,1640,5,0,2000,0.0,Economic
92.8,3,0,1660,5,0,2040,0.0,Economic
93.9,3,0,1690,5,0,2050,0.0,Economic
94.9,3,0,1710,5,0,2090,0.0,Economic
96.0,3,0,1740,5,0,2110,0.0,Economic
97.0,3,0,1760,5,0,2150,0.0,Economic
98.0,3,0,1790,5,0,2160,0.0,Economic
99.1,3,0,1810,5,0,2200,0.0,Economic
100.1,3,0,1840,5,0,2210,0.0,Economic
101.1,3,0,1860,5,0,2250,0.0,Economic
102.2,3,0,1890,5,0,2260,0.0,Economic
103.2,3,0,1910,5,0,2300,0.0,Economic
104.3,3,0,1940,5,0,2310,0.0,Economic
105.4,3,0,1960,5,0,2350,0.0,Economic
106.4,3,0,1990,5,0,2360,0.0,Economic
107.4,3,0,2010,5,0,2400,0.0,Economic
108.5,3,0,2040,5,0,2410,0.0,Economic
109.5,3,0,2060,5,0,2450,0.0,Economic
110.5,3,0,2090,5,0,2460,0.0,Economic
111.6,3,0,2110,5,0,2500,0.0,Economic
112.6,3,0,2140,5,0,2510,0.0,Economic
113.6,3,0,2160,5,0,2550,0.0,Economic
114.7,3,0,2190,5,0,2560,0.0,Economic
115.7,3,0,2210,5,0,2600,0.0,Economic
116.8,3,0,2240,5,0,2610,0.0,Economic
117.8,3,0,2260,5,0,2650,0.0,Economic
118.8,3,0,2290,5,0,2660,0.0,Economic
119.9,3,0,1920,5,0,2700,0.0,Economic
121.0,3,0,1940,5,0,2720,0.0,Economic
122.0,3,0,1970,5,0,2720,0.0,Economic
123.0,3,0,1980,5,0,2740,0.0,Economic
124.1,3,0,2000,5,0,2740,0.0,Economic
125.1,3,0,2010,5,0,2760,0.0,Economic
126.2,3,0,2040,5,0,2760,0.0,Economic
127.2,3,0,2050,5,0,2800,0.0,Economic
128.2,3,0,2080,5,0,2800,0.0,Economic
129.3,3,0,2090,5,0,2840,0.0,Economic
130.3,3,0,2130,5,0,2840,0.0,Economic
131.4,3,0,2140,5,0,2890,0.0,Economic
132.4,3,0,2180,5,0,2890,0.0,Economic
133.4,3,0,2190,5,0,2940,0.0,Economic
134.5,3,0,2230,5,0,2940,0.0,Economic
135.6,3,0,2240,5,0,2990,0.0,Economic
136.6,3,0,2280,5,0,2990,0.0,Economic
137.6,3,0,2300,5,0,3040,0.0,Economic
138.7,3,0,2330,5,0,3040,0.0,Economic
139.8,3,0,2350,5,0,3090,0.0,Economic
140.8,3,0,2390,5,0,3090,0.0,Economic
141.8,3,0,2400,5,0,3140,0.0,Economic
142.9,3,0,2440,5,0,3140,0.0,Economic
143.9,3,0,2450,5,0,1180,0.0,Economic
144.9,3,0,2490,5,0,1180,0.0,Economic
145.9,3,0,2500,5,0,1220,0.0,Economic
147.0,3,0,2540,5,0,1220,0.0,Economic
148.1,3,0,2570,5,0,1260,0.0,Economic
149.2,3,0,2590,5,0,1280,0.0,Economic
150.3,3,0,2620,5,0,1300,0.0,Economic
151.3,3,0,2640,5,0,1320,0.0,Economic
152.3,3,0,2670,5,0,1340,0.0,Economic
153.3,3,0,2690,5,0,1360,0.0,Economic
154.4,3,0,2720,5,0,1370,0.0,Economic
155.4,3,0,2740,5,0,1400,0.0,Economic
156.4,3,0,2770,5,0,910,0.0,Economic
157.5,3,0,2790,5,0,940,0.0,Economic
158.5,3,0,2820,5,0,950,0.0,Economic
159.5,3,0,2840,5,0,980,0.0,Economic
160.6,3,0,2880,5,0,990,0.0,Economic
161.6,3,0,2890,5,0,1020,0.0,Economic
162.7,3,0,2930,5,0,1040,0.0,Economic
163.8,3,0,2940,5,0,1070,0.0,Economic
164.8,3,0,2980,5,0,1090,0.0,Economic
165.8,3,0,2990,5,0,1120,0.0,Economic
166.9,3,0,3030,5,0,1140,0.0,Economic
167.9,3,0,3040,6,1,670,0.0,Economic
169.0,3,0,3080,6,1,690,0.0,Economic
170.0,3,0,3090,6,1,710,0.0,Economic
171.1,3,0,3130,6,1,730,0.0,Economic
172.1,3,0,3140,6,1,750,0.0,Economic
173.2,3,0,3180,6,1,780,0.0,Economic
174.2,3,0,3190,6,1,800,0.0,Economic
175.3,3,0,3230,6,1,830,0.0,Economic
176.3,3,0,3240,6,1,850,0.0,Economic
177.3,3,0,3280,6,1,880,0.0,Economic
178.3,3,0,3290,6,1,900,0.0,Economic
179.4,3,0,3330,6,1,930,0.0,Economic
180.5,3,0,3340,7,2,950,0.0,Economic
181.5,3,0,3380,7,2,980,0.0,Economic
182.5,3,0,3390,7,2,1000,0.0,Economic
183.6,3,0,3420,7,2,1030,0.0,Economic
184.6,3,0,3440,7,2,1060,0.0,Economic
185.7,3,0,3470,7,2,1080,0.0,Economic
186.8,3,0,3490,7,2,1110,0.0,Economic
187.8,3,0,3520,7,2,1140,0.0,Economic
188.8,3,0,3540,7,2,1160,0.0,Economic
189.8,3,0,3570,7,2,1190,0.0,Economic
190.8,3,0,3590,7,2,1210,0.0,Economic
191.9,3,0,3620,7,2,1240,0.0,Economic
192.9,3,0,3640,7,2,1260,0.0,Economic
193.9,3,0,3670,7,2,1290,0.0,Economic
195.0,3,0,3700,7,2,1320,0.0,Economic
196.0,3,0,3720,7,2,1340,0.0,Economic
197.0,3,0,3750,7,2,870,0.0,Economic
198.1,3,0,3770,7,2,890,0.0,Economic
199.1,3,0,3800,7,2,920,0.0,Economic
200.1,3,0,3820,7,2,940,0.0,Economic
201.1,3,0,3850,7,2,970,0.0,Economic
202.1,3,0,3870,7,2,990,0.0,Economic
203.2,3,0,3900,7,2,1020,0.0,Economic
204.2,3,0,3920,7,2,1040,0.0,Economic
205.2,3,0,3950,7,2,1070,0.0,Economic
206.3,3,0,3980,7,2,1100,0.0,Economic
207.3,3,0,4000,7,2,1120,0.0,Economic
208.4,3,0,4030,7,2,1150,0.0,Economic
209.5,3,0,4050,8,3,1170,0.0,Economic
210.5,3,0,4090,8,3,1180,0.0,Economic
211.6,3,0,4120,8,3,1200,0.0,Economic
212.6,3,0,4140,8,3,1210,0.0,Economic
213.6,3,0,4170,8,3,1250,0.0,Economic
214.7,3,0,4190,8,3,1260,0.0,Economic
215.7,3,0,4220,8,3,1300,0.0,Economic
216.7,3,0,4240,8,3,1310,0.0,Economic
217.8,3,0,4270,8,3,1350,0.0,Economic
218.8,3,0,4290,8,3,1360,0.0,Economic
219.9,3,0,4320,8,3,1400,0.0,Economic
220.9,3,0,4340,8,3,1410,0.0,Economic
222.0,3,0,4360,8,3,900,0.0,Economic
223.0,3,0,3980,8,3,910,0.0,Economic
224.1,3,0,4000,8,3,940,0.0,Economic
225.1,3,0,4020,8,3,950,0.0,Economic
226.1,3,0,4040,8,3,980,0.0,Economic
227.1,3,0,4060,8,3,990,0.0,Economic
228.2,3,0,4070,8,3,1020,0.0,Economic
229.2,3,0,4090,8,3,1030,0.0,Economic
230.3,3,0,4100,8,3,1060,0.0,Economic
231.3,3,0,4120,8,3,1080,0.0,Economic
232.4,3,0,4140,8,3,1100,0.0,Economic
233.4,3,0,4160,8,3,1130,0.0,Economic
234.4,3,0,4180,8,3,1140,0.0,Economic
235.4,3,0,4200,8,3,1170,0.0,Economic
236.4,3,0,4220,8,3,1190,0.0,Economic
237.5,3,0,4240,8,3,1220,0.0,Economic
238.5,3,0,4260,8,3,1240,0.0,Economic
239.5,3,0,4280,8,3,1270,0.0,Economic
240.5,3,0,4310,8,3,1290,0.0,Economic
241.5,3,0,4330,8,3,1320,0.0,Economic
242.6,3,0,4360,8,3,840,0.0,Economic
243.6,3,0,4380,8,3,870,0.0,Economic
244.7,3,0,4410,8,3,890,0.0,Economic
245.7,3,0,4430,8,3,920,0.0,Economic
246.7,3,0,4460,8,3,940,0.0,Economic
247.8,3,0,4480,8,3,970,0.0,Economic
248.8,3,0,4510,8,3,990,0.0,Economic
249.9,3,0,4540,8,3,1020,0.0,Economic
250.9,3,0,4560,8,3,1040,0.0,Economic
252.0,3,0,4600,8,3,1070,0.0,Economic
253.1,3,0,4610,8,3,1090,0.0,Economic
254.1,3,0,4650,8,3,1100,0.0,Economic
255.1,3,0,4660,9,4,1120,0.0,Economic
256.2,3,0,4700,9,4,1130,0.0,Economic
257.2,3,0,4710,9,4,1150,0.0,Economic
258.3,3,0,4750,9,4,1190,0.0,Economic
259.3,3,0,4770,9,4,1200,0.0,Economic
260.4,3,0,4800,9,4,1240,0.0,Economic
261.4,3,0,4820,9,4,1250,0.0,Economic
262.5,3,0,4850,9,4,1290,0.0,Economic
263.5,3,0,4870,9,4,1300,0.0,Economic
264.5,3,0,4490,9,4,1310,0.0,Economic
265.6,3,0,4510,9,4,1330,0.0,Economic
266.6,3,0,4530,9,4,1340,0.0,Economic
267.7,3,0,4560,9,4,1380,0.0,Economic
268.7,3,0,4570,9,4,1390,0.0,Economic
269.8,3,0,4600,9,4,1430,0.0,Economic
270.8,3,0,4610,9,4,1440,0.0,Economic
271.8,3,0,4640,9,4,1480,0.0,Economic
272.9,3,0,4650,9,4,990,0.0,Economic
273.9,3,0,4680,9,4,1030,0.0,Economic
275.0,3,0,4700,9,4,1050,0.0,Economic
276.0,3,0,4720,9,4,1070,0.0,Economic
277.1,3,0,4740,9,4,1090,0.0,Economic
278.1,3,0,4770,9,4,1120,0.0,Economic
279.1,3,0,4790,9,4,1140,0.0,Economic
280.2,3,0,4820,9,4,1170,0.0,Economic
281.2,3,0,4840,9,4,1190,0.0,Economic
282.2,3,0,4870,9,4,1220,0.0,Economic
283.3,3,0,4890,9,4,1250,0.0,Economic
284.3,3,0,4920,9,4,1270,0.0,Economic
285.4,3,0,4940,10,5,1300,0.0,Economic
286.4,3,0,4960,10,5,1320,0.0,Economic
287.4,3,0,4980,10,5,1350,0.0,Economic
288.5,3,0,5000,10,5,1350,0.0,Economic
289.5,3,0,5020,10,5,1350,0.0,Economic
290.5,3,0,5050,10,5,1350,0.0,Economic
291.6,3,0,5070,10,5,1360,0.0,Economic
292.7,3,0,5100,10,5,1360,0.0,Economic
293.7,3,0,5110,10,5,1390,0.0,Economic
294.7,3,0,5140,10,5,1400,0.0,Economic
295.8,3,0,5150,10,5,1440,0.0,Economic
296.8,3,0,5190,10,5,1450,0.0,Economic
297.9,3,0,5210,10,5,1490,0.0,Economic
299.0,3,0,5240,10,5,1500,0.0,Economic
300.0,3,0,5280,10,5,1550,0.0,Economic
301.1,3,0,5290,10,5,1560,0.0,Economic
302.2,3,0,5330,10,5,1600,0.0,Economic
303.3,3,0,5340,10,5,1120,0.0,Economic
304.3,3,0,5380,10,5,1150,0.0,Economic
305.4,3,0,5390,10,5,1170,0.0,Economic
306.4,3,0,5430,10,5,1200,0.0,Economic
307.4,3,0,5440,10,5,1220,0.0,Economic
308.5,3,0,5480,10,5,1250,0.0,Economic
309.5,3,0,5490,10,5,1280,0.0,Economic
310.5,3,0,5530,10,5,1300,0.0,Defensive
311.6,3,0,5290,10,5,1330,0.0,Defensive
312.7,3,0,5330,10,5,1350,0.0,Defensive
313.7,3,0,5340,10,5,1380,0.0,Defensive
314.7,3,0,5380,11,6,1400,0.0,Defensive
315.8,3,0,5390,11,6,930,0.0,Defensive
316.8,4,0,5180,11,6,950,0.0,Defensive
317.8,4,0,5190,11,6,980,0.0,Defensive
318.9,4,0,5230,11,6,1000,0.0,Defensive
319.9,4,0,5240,11,6,1030,0.0,Defensive
320.9,4,0,5290,11,6,1050,0.0,Defensive
322.0,4,0,5300,11,6,1080,0.0,Defensive
323.1,5,0,5350,11,6,1100,0.0,Defensive
324.1,5,0,5120,11,6,1140,0.0,Defensive
325.1,5,0,5160,11,6,1150,0.0,Defensive
326.2,5,0,5180,11,6,1190,0.0,Defensive
327.2,5,0,5220,12,7,690,0.0,Defensive
328.2,5,0,5250,12,7,710,0.0,Defensive
329.3,5,0,5290,12,7,710,0.0,Defensive
330.3,6,0,5070,12,7,730,0.0,Defensive
331.3,6,0,5110,12,7,730,0.0,Defensive
332.4,6,0,5140,12,7,770,0.0,Defensive
333.5,6,0,5190,12,7,780,0.0,Defensive
334.5,6,0,4810,12,7,820,0.0,Defensive
335.6,6,0,4850,12,7,830,0.0,Defensive
336.6,7,0,4620,12,7,870,0.0,Defensive
337.7,7,0,4670,12,7,880,0.0,Defensive
338.7,7,0,4690,12,7,920,0.0,Defensive
339.7,7,0,4740,13,8,930,0.0,Defensive
340.7,7,0,4760,13,8,970,0.0,Defensive
341.8,7,0,4810,13,8,980,0.0,Defensive
342.9,8,0,4590,13,8,470,0.0,Defensive
343.9,8,0,4640,13,8,470,0.0,Defensive
345.0,8,0,4670,13,8,490,0.0,Defensive
346.0,8,0,4720,13,8,490,0.0,Defensive
347.0,8,0,4750,13,8,520,0.0,Defensive
348.1,8,0,4800,13,8,540,0.0,Defensive
349.1,9,0,4580,13,8,560,0.0,Defensive
350.2,9,0,4650,13,8,580,0.0,Defensive
351.2,9,0,4690,12,7,600,0.0,Defensive
352.2,9,0,4760,12,7,620,0.0,Defensive
353.3,9,0,4400,12,7,640,0.0,Defensive
354.3,9,0,4420,12,7,660,0.0,Defensive
355.5,10,0,4450,12,7,680,0.0,Defensive
356.5,10,0,4470,12,7,700,0.0,Defensive
357.5,10,0,4500,11,6,720,0.0,Defensive
358.6,10,0,4560,11,6,750,0.0,Defensive
359.6,10,0,4590,11,6,760,0.0,Defensive
360.6,10,0,4660,11,6,800,0.0,Defensive
361.7,10,0,4720,11,6,820,0.0,Defensive
362.8,10,0,4770,11,6,850,0.0,Defensive
363.8,10,0,4820,10,5,870,0.0,Defensive
364.9,10,0,4890,10,5,900,0.0,Defensive
365.9,10,0,4910,10,5,920,0.0,Defensive
367.0,10,0,4980,10,5,950,0.0,Defensive
368.0,10,0,5010,10,5,970,0.0,Defensive
369.1,10,0,4680,10,5,1000,0.0,Defensive
370.1,10,0,4710,10,5,1020,0.0,Defensive
371.1,10,0,4780,10,5,1050,0.0,Defensive
372.2,10,0,4820,10,5,1070,0.0,Defensive
373.2,10,0,4890,10,5,1100,0.0,Defensive
374.3,10,0,4930,10,5,1120,0.0,Defensive
375.3,10,0,5000,10,5,1150,0.0,Defensive
376.4,10,0,5040,10,5,1170,0.0,Defensive
377.4,10,0,5110,10,5,1200,0.0,Defensive
378.4,10,0,5150,10,5,710,0.0,Defensive
379.5,10,0,5220,10,5,730,0.0,Defensive
380.5,10,0,5290,9,4,740,0.0,Defensive
381.6,10,0,4780,9,4,780,0.0,Defensive
382.6,10,0,4840,9,4,790,0.0,Defensive
383.6,10,0,4880,9,4,830,0.0,Defensive
384.6,10,0,4920,8,3,840,0.0,Defensive
385.6,10,0,4930,8,3,880,0.0,Defensive
386.7,10,0,4950,8,3,890,0.0,Defensive
387.7,10,0,4960,7,2,930,0.0,Economic
388.8,10,0,4980,7,2,940,0.0,Economic
389.8,10,0,5000,7,2,980,0.0,Economic
390.8,10,0,5040,8,3,990,0.0,Economic
391.9,10,0,5100,7,2,1030,0.0,Economic
392.9,10,0,5160,7,2,1050,0.0,Economic
394.0,10,0,5210,7,2,1080,0.0,Economic
395.0,10,0,5270,7,2,1100,0.0,Economic
396.1,10,0,5330,7,2,1130,0.0,Economic
397.1,10,0,5400,6,1,1160,0.0,Aggressive
398.1,10,0,5200,6,1,1180,0.0,Aggressive
399.1,10,0,5270,6,1,1210,0.0,Aggressive
400.2,10,0,5320,6,1,1230,0.0,Aggressive
401.3,10,0,5390,6,1,1260,0.0,Aggressive
402.3,10,0,5460,6,1,1290,0.0,Aggressive
403.3,11,0,5510,6,1,810,0.0,Aggressive
404.3,11,0,5330,6,1,840,0.0,Aggressive
405.4,11,0,5380,6,1,860,0.0,Aggressive
406.4,11,0,5450,6,1,890,0.0,Aggressive
407.4,11,0,5500,6,1,910,0.0,Aggressive
408.5,11,0,5570,6,1,940,0.0,Aggressive
409.5,11,0,5630,6,1,960,0.0,Aggressive
410.6,12,0,4880,6,1,990,0.0,Aggressive
411.6,12,0,4900,6,1,1010,0.0,Aggressive
412.7,12,0,4960,6,1,1040,0.0,Aggressive
413.7,12,0,5000,6,1,1060,0.0,Aggressive
414.7,12,0,5070,6,1,1090,0.0,Aggressive
415.7,12,0,5120,7,2,1120,0.0,Aggressive
416.8,13,0,4940,7,2,1140,0.0,Aggressive
417.8,13,0,5000,7,2,1170,0.0,Aggressive
418.9,13,0,5070,7,2,1190,0.0,Aggressive
420.0,13,0,5140,7,2,1220,0.0,Aggressive
421.0,13,0,5200,7,2,1240,0.0,Aggressive
422.1,13,0,5280,7,2,1270,0.0,Aggressive
423.1,14,0,5080,7,2,1290,0.0,Aggressive
424.2,14,0,5180,7,2,1320,0.0,Aggressive
425.2,14,0,5230,7,2,1340,0.0,Aggressive
426.4,14,0,4570,7,2,1380,0.0,Aggressive
427.5,14,0,4620,7,2,1390,0.0,Aggressive
428.5,14,0,4690,7,2,1430,0.0,Aggressive
429.6,15,0,4490,7,2,940,0.0,Aggressive
430.6,15,0,4560,7,2,980,0.0,Aggressive
431.7,15,0,4610,7,2,1000,0.0,Aggressive
432.7,15,0,4690,7,2,1010,0.0,Aggressive
433.7,15,0,4730,7,2,1030,0.0,Aggressive
434.8,16,0,4790,7,2,1040,0.0,Aggressive
435.8,16,0,4580,7,2,1070,0.0,Aggressive
436.9,16,0,4110,7,2,1080,0.0,Aggressive
437.9,16,0,4180,7,2,1120,0.0,Aggressive
439.0,16,0,4280,7,2,1130,0.0,Aggressive
440.0,16,0,4350,7,2,1170,0.0,Aggressive
441.1,17,0,4460,7,2,1180,0.0,Aggressive
442.2,17,0,4520,8,3,1220,0.0,Economic
443.2,17,0,4620,8,3,1240,0.0,Economic
444.3,17,0,4670,8,3,1270,0.0,Economic
445.3,17,0,4780,8,3,1290,0.0,Economic
446.3,17,0,4310,8,3,820,0.0,Economic
447.4,17,0,4190,8,3,850,0.0,Economic
448.4,17,0,4230,8,3,870,0.0,Economic
449.5,17,0,4360,8,3,880,0.0,Economic
450.5,17,0,4400,8,3,900,0.0,Economic
451.5,17,0,4540,8,3,910,0.0,Economic
452.6,17,0,4580,8,3,950,0.0,Economic
453.6,17,0,4720,8,3,960,0.0,Economic
454.6,17,0,4760,8,3,1000,0.0,Economic
455.7,17,0,4920,8,3,1010,0.0,Economic
456.7,17,0,4960,8,3,1050,0.0,Economic
457.8,17,0,5110,9,4,560,0.0,Economic
458.9,17,0,5200,9,4,600,0.0,Economic
460.0,17,0,5110,9,4,610,0.0,Economic
461.1,17,0,4670,9,4,650,0.0,Economic
462.1,17,0,4810,9,4,660,0.0,Economic
463.1,17,0,4860,9,4,690,0.0,Economic
464.2,17,0,5020,9,4,700,0.0,Economic
465.2,17,0,5060,9,4,730,0.0,Economic
466.2,17,0,5210,9,4,740,0.0,Economic
467.3,17,0,5270,9,4,770,0.0,Economic
468.3,17,0,5420,9,4,780,0.0,Economic
469.3,17,0,5520,9,4,810,0.0,Economic
470.4,17,0,5640,10,5,350,0.0,Economic
471.5,17,0,5760,10,5,370,0.0,Economic
472.5,17,0,5620,10,5,400,0.0,Economic
473.5,17,0,5240,10,5,420,0.0,Economic
474.6,17,0,5350,10,5,440,0.0,Economic
475.6,17,0,5470,10,5,460,0.0,Economic
476.6,17,0,5570,10,5,460,0.0,Economic
477.6,17,0,5690,10,5,500,0.0,Economic
478.7,17,0,5780,10,5,500,0.0,Economic
479.7,17,0,5910,10,5,550,0.0,Economic
480.8,17,0,6010,10,5,550,0.0,Economic
481.8,17,0,5900,10,5,600,0.0,Economic
482.9,17,0,5510,11,6,600,0.0,Economic
484.0,17,0,5660,11,6,650,0.0,Economic
485.0,17,0,5760,11,6,670,0.0,Economic
486.1,17,0,5950,11,6,700,0.0,Economic
487.1,17,0,6020,11,6,720,0.0,Economic
488.2,17,0,6220,11,6,250,0.0,Economic
489.3,17,0,6060,11,6,280,0.0,Economic
490.3,17,0,5760,11,6,300,0.0,Economic
491.4,17,0,5850,11,6,330,0.0,Economic
492.4,17,0,6050,11,6,350,0.0,Economic
493.4,17,0,6130,11,6,380,0.0,Economic
494.5,17,0,6340,11,6,400,0.0,Economic
495.6,17,0,5910,11,6,430,0.0,Defensive
496.6,17,0,5860,11,6,450,0.0,Defensive
497.6,17,0,5930,11,6,480,0.0,Defensive
498.6,17,0,6170,11,6,500,0.0,Defensive
499.7,17,0,5520,12,7,540,0.0,Defensive
500.8,17,0,5700,12,7,550,0.0,Defensive
501.9,17,0,5820,12,7,590,0.0,Defensive
503.0,18,0,5770,12,7,600,0.0,Defensive
504.0,18,0,5940,12,7,640,0.0,Defensive
505.0,18,0,5570,12,7,650,0.0,Defensive
506.1,18,0,5730,12,7,690,0.0,Defensive
507.1,18,0,5930,12,7,700,0.0,Defensive
508.2,19,0,5850,12,7,740,0.0,Defensive
509.3,19,0,5810,12,7,750,0.0,Defensive
510.3,19,0,5460,12,7,790,0.0,Defensive
511.4,19,0,5640,12,7,300,0.0,Defensive
512.4,19,0,5800,12,7,300,0.0,Defensive
513.5,19,0,5750,12,7,300,0.0,Defensive
514.5,20,0,5160,12,7,300,0.0,Defensive
515.6,20,0,5350,12,7,310,0.0,Defensive
516.6,20,0,5510,12,7,330,0.0,Defensive
517.6,20,0,5200,11,6,340,0.0,Defensive
518.7,20,0,5350,11,6,370,0.0,Defensive
519.8,20,0,5560,11,6,410,0.0,Defensive
520.8,21,0,5210,11,6,420,0.0,Defensive
521.9,21,0,5160,11,6,460,0.0,Defensive
523.0,21,0,5330,12,7,470,0.0,Defensive
524.1,21,0,5550,12,7,510,0.0,Defensive
525.2,21,0,5570,12,7,520,0.0,Defensive
526.2,22,0,5480,12,7,560,0.0,Defensive
527.3,22,0,5750,12,7,570,0.0,Defensive
528.3,22,0,5670,12,7,610,0.0,Defensive
529.4,22,0,5700,12,7,620,0.0,Defensive
530.4,22,0,5880,12,7,660,0.0,Defensive
531.5,22,0,5910,12,7,670,0.0,Defensive
532.6,22,0,5960,12,7,710,0.0,Defensive
533.6,22,0,6120,12,7,720,0.0,Defensive
534.8,23,0,6160,12,7,760,0.0,Defensive
535.8,23,0,6320,12,7,770,0.0,Defensive
536.9,23,0,6660,12,7,810,0.0,Defensive
537.9,23,0,6820,12,7,820,0.0,Defensive
538.9,23,0,6920,12,7,860,0.0,Defensive
540.0,23,0,6830,12,7,870,0.0,Defensive
541.0,24,0,7180,11,6,910,0.0,Defensive
542.1,24,0,7100,10,5,920,0.0,Defensive
543.1,24,0,7470,10,5,960,0.0,Defensive
544.2,24,0,7650,10,5,970,0.0,Aggressive
545.2,24,0,7530,10,5,1010,0.0,Aggressive
546.3,24,0,7280,10,5,1040,0.0,Defensive
547.4,24,0,7070,10,5,1060,0.0,Defensive
548.4,25,0,7280,9,4,1090,0.0,Defensive
549.5,25,0,5320,9,4,1110,0.0,Defensive
550.5,25,0,5530,8,3,1140,0.0,Defensive
551.5,25,0,5580,8,3,1160,0.0,Defensive
552.5,25,0,5540,8,3,1170,0.0,Defensive
553.6,25,0,5830,8,3,1180,0.0,Defensive
554.6,26,0,6080,8,3,1190,0.0,Defensive
555.6,26,0,6130,8,3,1200,0.0,Defensive
556.7,26,0,6400,6,1,1210,0.0,Economic
557.7,26,0,5970,6,1,1240,0.0,Economic
558.8,26,0,5760,6,1,1260,0.0,Economic
559.8,26,0,6090,6,1,1290,0.0,Economic
560.8,26,0,5880,6,1,1310,0.0,Economic
561.9,27,0,5960,6,1,1340,0.0,Economic
562.9,27,0,6130,6,1,1370,0.0,Economic
564.0,27,0,6110,6,1,1390,0.0,Economic
565.0,27,0,6240,6,1,1420,0.0,Economic
566.1,27,0,6330,6,1,1440,0.0,Economic
567.1,27,0,6100,6,1,1450,0.0,Economic
568.2,27,0,5970,6,1,1470,0.0,Economic
569.2,27,0,5700,6,1,1500,0.0,Economic
570.3,28,1,5300,6,1,1520,0.0,Economic
571.3,28,1,5060,6,1,1560,0.0,Economic
572.4,28,1,4880,6,1,1570,0.0,Economic
573.5,28,1,4780,5,0,1610,0.0,Aggressive
574.5,28,1,4680,5,0,1120,0.0,Aggressive
575.6,28,1,5080,5,0,1160,0.0,Aggressive
576.6,28,1,5290,5,0,1170,0.0,Aggressive
577.7,28,1,5750,5,0,1210,0.0,Aggressive
578.7,28,1,6060,5,0,1220,0.0,Aggressive
579.8,28,1,6480,5,0,1260,0.0,Aggressive
580.8,28,1,6830,5,0,1290,0.0,Aggressive
581.9,28,1,5270,5,0,1310,0.0,Aggressive
583.0,29,2,5260,5,0,1350,0.0,Aggressive
584.0,29,2,5690,5,0,1360,0.0,Aggressive
585.0,29,2,6100,5,0,1400,0.0,Aggressive
586.0,29,2,6540,6,1,1410,0.0,Economic
587.1,29,2,6220,6,1,1450,0.0,Economic
588.1,29,2,6170,6,1,1460,0.0,Economic
589.1,29,2,6100,6,1,1500,0.0,Economic
590.1,29,2,6040,6,1,1510,0.0,Economic
591.2,29,2,6220,6,1,1050,0.0,Economic
592.2,29,2,6150,6,1,1060,0.0,Economic
593.2,29,2,6180,6,1,1100,0.0,Economic
594.2,29,2,5850,6,1,1110,0.0,Economic
595.3,29,2,6270,6,1,1150,0.0,Economic
596.3,29,2,6700,6,1,1160,0.0,Economic
597.3,29,2,7170,6,1,1200,0.0,Economic
598.4,30,3,7580,6,1,1210,0.0,Aggressive
599.5,30,3,8040,6,1,1250,0.0,Aggressive
600.6,30,3,8470,6,1,1260,0.0,Aggressive
601.6,30,3,9030,6,1,1300,0.0,Aggressive
602.7,30,3,9400,6,1,1310,0.0,Aggressive
603.7,30,3,9950,7,2,1330,0.0,Aggressive
604.8,30,3,10330,7,2,1340,0.0,Aggressive
605.8,31,4,10890,7,2,1360,0.0,Aggressive
606.9,31,4,11310,7,2,1380,0.0,Aggressive
608.0,31,4,11930,7,2,1400,0.0,Aggressive
609.0,31,4,12340,7,2,1420,0.0,Aggressive
610.1,31,4,12950,7,2,1440,0.0,Aggressive
611.1,31,4,13370,7,2,1470,0.0,Aggressive
612.1,31,4,13980,7,2,1490,0.0,Aggressive
613.2,31,4,14410,7,2,1520,0.0,Aggressive
614.2,31,4,15030,7,2,1540,0.0,Aggressive
615.2,31,4,15450,7,2,1570,0.0,Aggressive
616.3,31,4,16070,7,2,1570,0.0,Aggressive
617.3,31,4,16480,7,2,1600,0.0,Aggressive
618.3,31,4,17120,7,2,1600,0.0,Aggressive
619.4,31,4,17530,7,2,1130,0.0,Aggressive
620.4,31,4,18180,7,2,1140,0.0,Aggressive
621.4,31,4,18610,7,2,1170,0.0,Aggressive
622.5,31,4,19300,7,2,1180,0.0,Aggressive
623.5,31,4,19930,7,2,1220,0.0,Aggressive
624.6,31,4,20390,7,2,1230,0.0,Aggressive
625.7,31,4,21060,7,2,1270,0.0,Aggressive
626.8,31,4,21510,7,2,1280,0.0,Aggressive
627.9,31,4,22170,7,2,1320,0.0,Aggressive
628.9,31,4,22820,7,2,1340,0.0,Aggressive
630.0,31,4,23240,7,2,1350,0.0,Aggressive
631.0,31,4,23890,7,2,1380,0.0,Aggressive
632.0,31,4,24290,8,3,1390,0.0,Aggressive
633.0,31,4,24940,8,3,1420,0.0,Aggressive
634.1,31,4,25360,8,3,1430,0.0,Aggressive
635.1,31,4,25980,8,3,1460,0.0,Aggressive
636.2,31,4,26420,8,3,1480,0.0,Aggressive
637.3,31,4,27090,8,3,1510,0.0,Aggressive
638.3,31,4,27670,8,3,1530,0.0,Aggressive
639.3,31,4,28180,8,3,1560,0.0,Aggressive
640.4,31,4,28750,8,3,1580,0.0,Aggressive
641.4,31,4,29240,8,3,1610,0.0,Aggressive
642.5,31,4,29810,8,3,1630,0.0,Aggressive
643.5,31,4,30320,8,3,1660,0.0,Aggressive
644.5,31,4,30890,8,3,1680,0.0,Aggressive
645.5,31,4,31400,8,3,1210,0.0,Aggressive
646.5,31,4,31990,8,3,1230,0.0,Aggressive
647.7,31,4,32500,8,3,1260,0.0,Aggressive
648.8,31,4,33090,8,3,1280,0.0,Aggressive
649.8,31,4,33600,8,3,1310,0.0,Aggressive
650.9,31,4,34160,8,3,1320,0.0,Aggressive
651.9,31,4,34670,8,3,1360,0.0,Aggressive
652.9,31,4,35230,8,3,1370,0.0,Aggressive
654.0,31,4,35740,8,3,1410,0.0,Aggressive
655.1,31,4,36320,8,3,1420,0.0,Aggressive
656.1,31,4,36900,8,3,1460,0.0,Aggressive
657.2,31,4,37390,8,3,1460,0.0,Aggressive
658.2,31,4,37980,9,4,1470,0.0,Aggressive
659.4,31,4,38470,9,4,1470,0.0,Aggressive
660.4,31,4,39070,9,4,980,0.0,Aggressive
661.5,31,4,39640,9,4,990,0.0,Aggressive
662.5,31,4,40110,9,4,1000,0.0,Aggressive
663.6,31,4,40690,9,4,1010,0.0,Aggressive
664.7,31,4,41170,9,4,1040,0.0,Aggressive
665.7,31,4,41760,9,4,1050,0.0,Aggressive
666.9,31,4,42440,9,4,1080,0.0,Aggressive
667.9,31,4,42850,9,4,1080,0.0,Aggressive
669.0,31,4,43450,9,4,1090,0.0,Aggressive
670.1,31,4,43870,9,4,1090,0.0,Aggressive
671.2,31,4,44460,9,4,1100,0.0,Aggressive
672.2,31,4,45130,10,5,1100,0.0,Aggressive
673.3,31,4,45500,10,5,1110,0.0,Aggressive
674.3,31,4,46150,10,5,1120,0.0,Aggressive
675.4,31,4,46520,10,5,1130,0.0,Aggressive
676.4,31,4,47190,10,5,1140,0.0,Aggressive
677.4,31,4,47580,10,5,1150,0.0,Aggressive
678.5,31,4,48250,10,5,1160,0.0,Aggressive
679.6,31,4,48640,10,5,1170,0.0,Aggressive
680.6,31,4,49310,10,5,1180,0.0,Aggressive
681.6,31,4,49690,10,5,1190,0.0,Aggressive
682.7,31,4,50350,10,5,1200,0.0,Aggressive
683.8,31,4,50930,10,5,1200,0.0,Aggressive
685.2,31,4,51450,10,5,1200,0.0,Aggressive
686.2,31,4,51920,10,5,1200,0.0,Aggressive
687.2,31,4,52460,10,5,1200,0.0,Aggressive
688.2,31,4,52950,10,5,1200,0.0,Aggressive
689.3,31,4,53520,10,5,1200,0.0,Aggressive
690.4,31,4,54150,10,5,1200,0.0,Aggressive
691.4,31,4,54580,10,5,1200,0.0,Aggressive
692.5,31,4,55200,10,5,1200,0.0,Aggressive
693.6,31,4,55640,10,5,1200,0.0,Aggressive
694.6,31,4,56230,10,5,1200,0.0,Aggressive
695.7,31,4,56640,10,5,1200,0.0,Aggressive
696.7,31,4,57220,10,5,1200,0.0,Aggressive
697.7,31,4,57630,10,5,1200,0.0,Aggressive
698.8,31,4,58270,10,5,1200,0.0,Aggressive
699.9,31,4,58630,10,5,1200,0.0,Aggressive
700.9,31,4,59240,10,5,1200,0.0,Aggressive
702.0,31,4,59600,10,5,1220,0.0,Aggressive
703.1,31,4,60210,10,5,1220,0.0,Aggressive
704.2,31,4,60790,10,5,1220,0.0,Aggressive
705.2,31,4,61180,10,5,1220,0.0,Aggressive
706.3,31,4,61780,10,5,1220,0.0,Aggressive
707.4,31,4,62200,10,5,1220,0.0,Aggressive
708.4,31,4,62800,10,5,1230,0.0,Aggressive
709.5,31,4,63220,10,5,1250,0.0,Aggressive
710.5,31,4,63830,10,5,1260,0.0,Aggressive
711.6,31,4,64250,10,5,1280,0.0,Aggressive
712.6,31,4,64860,10,5,1310,0.0,Aggressive
713.7,31,4,65260,10,5,1330,0.0,Aggressive
714.8,31,4,66060,10,5,1330,0.0,Aggressive
715.8,31,4,66260,10,5,1330,0.0,Aggressive
716.9,31,4,67050,10,5,1330,0.0,Aggressive
717.9,31,4,67270,10,5,1330,0.0,Aggressive
719.0,31,4,68070,10,5,1340,0.0,Aggressive
720.0,31,4,68300,9,4,1350,0.0,Aggressive
721.1,31,4,69100,9,4,1360,0.0,Aggressive
722.1,31,4,69300,9,4,1360,0.0,Aggressive
723.2,31,4,70050,9,4,1370,0.0,Aggressive
724.2,31,4,70270,9,4,1380,0.0,Aggressive
725.2,31,4,71040,9,4,1390,0.0,Aggressive
726.2,31,4,71280,9,4,1400,0.0,Aggressive
727.3,31,4,72060,9,4,1420,0.0,Aggressive
728.3,31,4,72300,8,3,1440,0.0,Aggressive
729.4,31,4,73130,8,3,1470,0.0,Aggressive
730.5,31,4,73360,8,3,1490,0.0,Aggressive
731.6,31,4,74170,8,3,1520,0.0,Aggressive
732.7,31,4,74700,8,3,1540,0.0,Aggressive
733.8,31,4,75350,8,3,1550,0.0,Aggressive
734.8,31,4,75730,8,3,1570,0.0,Aggressive
735.9,31,4,76380,8,3,1580,0.0,Aggressive
737.0,31,4,76760,7,2,1610,0.0,Aggressive
738.0,31,4,77400,6,1,1620,0.0,Aggressive
739.0,31,4,77770,6,1,1650,0.0,Aggressive
740.1,31,4,78410,5,0,1660,0.0,Aggressive
741.1,31,4,78770,5,0,1660,0.0,Aggressive
742.1,31,4,79390,5,0,1660,0.0,Aggressive
743.1,31,4,79750,5,0,1660,0.0,Aggressive
744.2,31,4,80370,5,0,1660,0.0,Aggressive
745.3,31,4,80750,5,0,1660,0.0,Aggressive
746.3,31,4,81340,5,0,1660,0.0,Aggressive
747.5,31,4,81720,5,0,1660,0.0,Aggressive
748.5,31,4,82320,5,0,1660,0.0,Aggressive
749.5,31,4,82680,5,0,1660,0.0,Aggressive
750.6,31,4,83290,5,0,1660,0.0,Aggressive
751.6,31,4,83660,5,0,1660,0.0,Aggressive
752.7,31,4,84270,5,0,1660,0.0,Aggressive
753.7,31,4,84650,5,0,1660,0.0,Aggressive
754.8,31,4,85230,5,0,1660,0.0,Aggressive
755.8,31,4,85600,5,0,1660,0.0,Aggressive
756.8,31,4,86210,5,0,1660,0.0,Aggressive
757.9,31,4,86590,5,0,1660,0.0,Aggressive
758.9,31,4,87210,5,0,1660,0.0,Aggressive
759.9,31,4,87610,5,0,1670,0.0,Aggressive
761.0,31,4,88240,5,0,1670,0.0,Aggressive
762.0,31,4,88660,5,0,1680,0.0,Aggressive
763.0,31,4,89270,5,0,1690,0.0,Aggressive
764.1,31,4,89650,5,0,1710,0.0,Aggressive
765.1,31,4,90260,5,0,1720,0.0,Aggressive
766.1,31,4,90640,5,0,1740,0.0,Aggressive
767.2,31,4,91270,5,0,1750,0.0,Aggressive
768.3,31,4,91620,5,0,1750,0.0,Aggressive
769.3,31,4,92230,5,0,1260,0.0,Aggressive
770.4,31,4,92800,5,0,1270,0.0,Aggressive
771.5,31,4,93190,5,0,1280,0.0,Aggressive
772.5,31,4,93760,5,0,1290,0.0,Aggressive
773.5,31,4,94150,5,0,1300,0.0,Aggressive
774.6,31,4,94720,5,0,1310,0.0,Aggressive
775.6,31,4,95070,5,0,1320,0.0,Aggressive
776.6,31,4,95640,5,0,1320,0.0,Aggressive
777.7,31,4,95980,5,0,1320,0.0,Aggressive
778.7,31,4,96660,5,0,1320,0.0,Aggressive
779.8,31,4,96810,5,0,1320,0.0,Aggressive
780.8,31,4,97490,5,0,1320,0.0,Aggressive
781.8,31,4,97640,6,1,1320,0.0,Aggressive
782.9,31,4,98320,6,1,1320,0.0,Aggressive
784.0,31,4,98470,6,1,1320,0.0,Aggressive
785.0,31,4,99150,6,1,1320,0.0,Aggressive
786.0,31,4,99300,6,1,1320,0.0,Aggressive
787.1,31,4,99980,6,1,1320,0.0,Aggressive
788.1,31,4,100130,6,1,1320,0.0,Aggressive
789.2,31,4,100960,6,1,1320,0.0,Aggressive
790.3,31,4,101270,6,1,1320,0.0,Aggressive
791.3,31,4,101790,6,1,1320,0.0,Aggressive
792.3,31,4,102100,6,1,1320,0.0,Aggressive
793.4,31,4,102620,6,1,1320,0.0,Aggressive
794.4,31,4,102930,6,1,1320,0.0,Aggressive
795.5,31,4,103450,6,1,1320,0.0,Aggressive
796.5,31,4,103760,6,1,1320,0.0,Aggressive
797.6,31,4,104280,6,1,1320,0.0,Aggressive
798.7,31,4,104590,6,1,1320,0.0,Aggressive
799.7,31,4,105110,6,1,1320,0.0,Aggressive
800.8,31,4,105420,6,1,1320,0.0,Aggressive
801.8,31,4,105940,6,1,1320,0.0,Aggressive
802.9,31,4,106250,6,1,1320,0.0,Aggressive
803.9,31,4,106770,6,1,1320,0.0,Aggressive
804.9,31,4,107080,6,1,1320,0.0,Aggressive
806.0,31,4,107600,6,1,1320,0.0,Aggressive
807.0,31,4,107910,6,1,1320,0.0,Aggressive
808.1,31,4,108430,6,1,1320,0.0,Aggressive
809.1,31,4,108740,6,1,1320,0.0,Aggressive
810.2,31,4,109260,6,1,1320,0.0,Aggressive
811.2,31,4,109570,6,1,1320,0.0,Aggressive
812.3,31,4,110090,6,1,1320,0.0,Aggressive
813.4,31,4,110400,6,1,1320,0.0,Aggressive
814.4,31,4,110920,6,1,1320,0.0,Aggressive
815.5,31,4,111230,6,1,1320,0.0,Aggressive
816.6,31,4,112060,6,1,1320,0.0,Aggressive
817.6,31,4,112060,6,1,1320,0.0,Aggressive
818.7,31,4,112890,6,1,1320,0.0,Aggressive
819.8,31,4,113260,6,1,1320,0.0,Aggressive
820.8,31,4,113720,6,1,1320,0.0,Aggressive
821.9,31,4,114090,6,1,1320,0.0,Aggressive
822.9,31,4,114550,6,1,1320,0.0,Aggressive
824.0,31,4,114920,6,1,1320,0.0,Aggressive
825.0,31,4,115380,6,1,1320,0.0,Aggressive
826.1,31,4,115750,6,1,1320,0.0,Aggressive
827.1,31,4,116210,6,1,1320,0.0,Aggressive
828.1,31,4,116580,6,1,1320,0.0,Aggressive
829.1,31,4,117040,6,1,1320,0.0,Aggressive
830.2,31,4,117560,6,1,1320,0.0,Aggressive
831.3,31,4,117870,6,1,1320,0.0,Aggressive
832.3,31,4,118390,6,1,1320,0.0,Aggressive
833.4,31,4,118700,6,1,1320,0.0,Aggressive
834.5,31,4,119220,6,1,1320,0.0,Aggressive
835.5,31,4,119530,6,1,1320,0.0,Aggressive
836.6,31,4,120050,6,1,1320,0.0,Aggressive
837.6,31,4,120360,6,1,1320,0.0,Aggressive
838.6,31,4,120880,6,1,1320,0.0,Aggressive
839.7,31,4,121190,6,1,1320,0.0,Aggressive
840.7,31,4,121710,6,1,1320,0.0,Aggressive
841.7,31,4,122020,6,1,1320,0.0,Aggressive
842.7,31,4,122540,6,1,1320,0.0,Aggressive
843.8,31,4,122850,6,1,1320,0.0,Aggressive
844.8,31,4,123370,6,1,1320,0.0,Aggressive
845.9,31,4,123680,6,1,1320,0.0,Aggressive
846.9,31,4,124200,6,1,1320,0.0,Aggressive
848.0,31,4,124510,6,1,1320,0.0,Aggressive
849.1,31,4,125030,6,1,1320,0.0,Aggressive
850.1,31,4,125340,6,1,1320,0.0,Aggressive
851.2,31,4,126170,6,1,1320,0.0,Aggressive
852.2,31,4,126170,6,1,1320,0.0,Aggressive
853.3,31,4,127000,6,1,1320,0.0,Aggressive
854.4,31,4,127000,6,1,1320,0.0,Aggressive
855.4,31,4,127830,6,1,1320,0.0,Aggressive
856.4,31,4,127830,6,1,1320,0.0,Aggressive
857.5,31,4,128660,6,1,1320,0.0,Aggressive
858.6,31,4,128660,6,1,1320,0.0,Aggressive
859.6,31,4,129490,6,1,1320,0.0,Aggressive
860.7,31,4,129860,6,1,1320,0.0,Aggressive
861.8,31,4,130320,6,1,1320,0.0,Aggressive
862.8,31,4,130690,6,1,1320,0.0,Aggressive
863.8,31,4,131150,6,1,1320,0.0,Aggressive
864.9,31,4,131520,6,1,1320,0.0,Aggressive
865.9,31,4,131980,6,1,1320,0.0,Aggressive
867.0,31,4,132500,6,1,1320,0.0,Aggressive
868.0,31,4,132810,6,1,1320,0.0,Aggressive
869.0,31,4,133330,6,1,1320,0.0,Aggressive
870.1,31,4,133640,6,1,1320,0.0,Aggressive
871.1,31,4,134160,6,1,1320,0.0,Aggressive
872.2,31,4,134470,6,1,1320,0.0,Aggressive
873.2,31,4,134990,6,1,1320,0.0,Aggressive
874.2,31,4,135300,6,1,1320,0.0,Aggressive
875.2,31,4,135820,6,1,1320,0.0,Aggressive
876.3,31,4,136130,6,1,1320,0.0,Aggressive
877.4,31,4,136650,6,1,1320,0.0,Aggressive
878.4,31,4,136960,6,1,1320,0.0,Aggressive
879.5,31,4,137480,6,1,1320,0.0,Aggressive
