Episode,Reward,Steps,WinRate
1,6745,60,689,1,00
2,4448,90,916,1,00
3,1303,20,1223,1,00
4,8564,20,528,1,00
5,5528,10,824,1,00
6,7464,80,637,1,00
7,70,00,1250,0,86
8,5965,40,781,0,88
9,6250,90,756,0,89
10,6792,10,679,0,90
11,2688,40,1076,0,91
12,-40,00,1250,0,83
13,19,50,1250,0,77
14,7092,60,654,0,79
15,2425,40,1126,0,80
16,7572,40,631,0,81
17,6202,70,743,0,82
18,3211,20,1048,0,83
19,5566,90,791,0,84
20,3755,50,1000,0,85
21,-127,00,1250,0,81
22,5689,70,798,0,82
23,7047,20,673,0,83
24,4668,10,894,0,83
25,7026,40,666,0,84
26,5905,80,782,0,85
27,7851,70,598,0,85
28,3844,50,995,0,86
29,5302,90,841,0,86
30,5233,70,823,0,87
31,3408,10,1014,0,87
32,7466,70,603,0,88
33,8292,90,531,0,88
34,1667,30,1187,0,88
35,7697,60,619,0,89
36,5746,70,783,0,89
37,5747,90,801,0,89
38,6250,80,747,0,89
39,2015,30,1172,0,90
40,1688,60,1199,0,90
41,7817,80,597,0,90
42,6175,00,750,0,90
43,7021,00,670,0,91
44,7221,40,656,0,91
45,1836,00,1180,0,91
46,6200,30,767,0,91
47,7535,00,605,0,91
48,4248,90,946,0,92
49,4088,90,966,0,92
50,-29,50,1250,0,90
51,8675,30,512,0,90
52,6255,80,752,0,90
53,8461,10,529,0,91
54,7242,50,645,0,91
55,7000,70,688,0,91
56,162,00,1250,0,89
57,8407,60,524,0,89
58,4092,90,961,0,90
59,6995,10,674,0,90
60,5514,40,811,0,90
61,7411,20,628,0,90
62,7855,70,603,0,90
63,7517,80,632,0,90
64,7286,00,640,0,91
65,4622,60,899,0,91
66,5613,90,811,0,91
67,7743,10,609,0,91
68,6849,60,669,0,91
69,3098,00,1050,0,91
70,6336,10,749,0,91
71,-130,00,1250,0,90
72,4279,20,923,0,90
73,8057,60,569,0,90
74,5403,30,822,0,91
75,-32,50,1250,0,89
76,2381,00,1120,0,89
77,6743,10,684,0,90
78,6230,00,740,0,90
79,4811,50,890,0,90
80,4370,70,933,0,90
81,7383,00,640,0,90
82,6406,40,751,0,90
83,6792,20,718,0,90
84,4734,70,883,0,90
85,7383,40,611,0,91
86,6610,40,731,0,91
87,3452,50,1010,0,91
88,6733,10,699,0,91
89,6924,90,691,0,91
90,7830,10,614,0,91
91,2782,50,1100,0,91
92,7657,20,613,0,91
93,3698,90,986,0,91
94,4114,50,940,0,91
95,8948,00,495,0,92
96,8411,10,529,0,92
97,7600,10,614,0,92
98,2080,90,1151,0,92
99,2400,20,1128,0,92
100,213,00,1250,0,91
101,111,50,1250,0,90
102,6917,80,672,0,90
103,4290,80,922,0,90
104,6792,30,707,0,90
105,6943,60,684,0,90
106,5367,60,854,0,90
107,2721,30,1077,0,91
108,5213,40,836,0,91
109,-76,00,1250,0,90
110,6824,90,681,0,90
111,5910,50,785,0,90
112,5908,30,777,0,91
113,5724,00,800,0,92
114,9036,90,486,0,92
115,7154,30,677,0,92
116,5669,00,795,0,92
117,7585,50,620,0,92
118,7518,80,627,0,92
119,7591,50,615,0,92
120,5693,20,803,0,92
121,6797,60,679,0,93
122,4289,30,932,0,93
123,-76,00,1250,0,92
124,3835,30,977,0,92
125,3157,80,1082,0,92
126,6303,90,756,0,92
127,6024,50,750,0,92
128,2646,50,1080,0,92
129,5310,90,826,0,92
130,4772,60,879,0,92
131,6952,70,673,0,92
132,8527,90,541,0,92
133,-127,00,1250,0,91
134,5101,40,866,0,91
135,8131,90,561,0,91
136,5212,40,841,0,91
137,5309,00,860,0,91
138,7472,30,612,0,91
139,4709,00,895,0,91
140,2716,90,1101,0,91
141,5582,20,813,0,91
142,6786,10,679,0,91
143,6611,90,731,0,91
144,4534,80,917,0,91
145,8714,60,504,0,91
146,5806,90,791,0,91
147,6971,40,681,0,91
148,7398,20,648,0,91
149,7716,90,611,0,91
150,5503,80,812,0,92
151,4494,40,916,0,92
152,4884,40,896,0,92
153,4800,90,891,0,92
154,4962,60,889,0,92
155,6717,80,702,0,92
156,69,00,1250,0,92
157,-32,00,1250,0,91
158,4039,90,976,0,91
159,4029,30,962,0,91
160,-78,00,1250,0,90
161,8835,40,501,0,90
162,5420,00,810,0,90
163,7919,30,607,0,90
164,8525,80,527,0,90
165,8620,30,532,0,90
166,15,00,1250,0,89
167,7336,50,640,0,89
168,6812,80,672,0,89
169,4969,60,884,0,89
170,6765,30,682,0,89
171,5618,50,825,0,90
172,-76,50,1250,0,89
173,7934,10,604,0,89
174,4794,30,872,0,89
175,6979,50,685,0,90
176,8506,70,533,0,90
177,4394,90,946,0,90
178,3363,60,1024,0,90
179,6750,70,683,0,90
180,8516,10,519,0,90
181,8097,50,555,0,90
182,2914,90,1091,0,90
183,1498,20,1203,0,90
184,1481,50,1220,0,90
185,4543,40,931,0,90
186,5755,80,787,0,90
187,-76,00,1250,0,89
188,3888,30,972,0,89
189,2016,40,1181,0,89
190,2715,30,1107,0,89
191,159,50,1250,0,88
192,5192,20,848,0,88
193,6764,40,706,0,88
194,2962,10,1049,0,88
195,9117,70,478,0,88
196,22,00,1250,0,87
197,8788,90,506,0,87
198,7172,90,646,0,87
199,7748,20,633,0,87
200,3925,20,973,0,88
201,7703,30,612,0,89
202,5765,60,799,0,89
203,8260,20,563,0,89
204,6758,20,698,0,89
205,7558,40,631,0,89
206,7008,20,653,0,89
207,8545,10,534,0,89
208,5679,50,780,0,89
209,8429,90,546,0,90
210,5358,90,841,0,90
211,7832,40,601,0,90
212,9107,60,484,0,90
213,7067,00,685,0,90
214,7214,90,656,0,90
215,8917,20,493,0,90
216,6017,40,746,0,90
217,6729,50,685,0,90
218,9244,90,456,0,90
219,8053,20,598,0,90
220,7445,00,605,0,90
221,8255,10,559,0,90
222,8337,10,549,0,90
223,4242,30,932,0,91
224,1512,90,1216,0,91
225,6631,50,700,0,91
226,8195,10,569,0,91
227,5993,70,753,0,91
228,8296,10,569,0,91
229,5834,10,779,0,91
230,2567,80,1102,0,91
231,5386,70,828,0,91
232,4700,40,906,0,91
233,7350,30,662,0,92
234,6431,50,715,0,92
235,8871,20,478,0,92
236,7546,00,605,0,92
237,4625,70,913,0,92
238,5598,30,817,0,92
239,8172,30,567,0,92
240,5525,50,805,0,92
241,2382,90,1141,0,92
242,8760,10,519,0,92
243,7821,80,582,0,92
244,2767,30,1087,0,92
245,6229,50,745,0,92
246,8669,80,507,0,92
247,2795,60,1064,0,92
248,6589,20,733,0,92
249,7621,80,612,0,92
250,8457,70,553,0,92
251,5399,30,817,0,92
252,9575,80,442,0,92
253,6476,00,715,0,92
254,5807,40,791,0,92
255,8456,10,549,0,92
256,7397,80,647,0,93
257,6660,30,692,0,94
258,5510,40,801,0,94
259,9263,60,459,0,94
260,7536,10,629,0,95
261,4152,00,955,0,95
262,114,50,1250,0,94
263,7619,80,627,0,94
264,7132,10,674,0,94
265,20,50,1250,0,93
266,6530,50,720,0,94
267,1322,40,1216,0,94
268,3645,00,1010,0,94
269,2717,80,1102,0,94
270,6222,50,755,0,94
271,5524,50,795,0,94
272,7913,80,587,0,95
273,-78,50,1250,0,94
274,6156,30,747,0,94
275,5966,40,756,0,94
276,7832,90,601,0,94
277,8352,80,567,0,94
278,8752,50,500,0,94
279,4682,70,898,0,94
280,68,00,1250,0,93
281,4786,80,892,0,93
282,9131,30,472,0,93
283,8397,00,555,0,93
284,5451,30,822,0,93
285,4778,30,922,0,93
286,7303,30,667,0,93
287,8403,30,562,0,94
288,8619,70,528,0,94
289,8456,60,529,0,94
290,1686,00,1185,0,94
291,6280,60,759,0,95
292,7763,80,612,0,95
293,6684,50,690,0,95
294,-125,00,1250,0,94
295,9735,90,421,0,94
296,3039,90,1066,0,95
297,5341,70,813,0,95
298,6917,90,686,0,95
299,5267,10,829,0,95
300,9843,90,401,0,95
301,3950,50,975,0,95
302,9266,70,438,0,95
303,8325,90,556,0,95
304,8660,70,503,0,95
305,5966,50,775,0,95
306,8848,00,485,0,95
307,3503,00,1010,0,95
308,9950,60,419,0,95
309,5450,40,826,0,95
310,5582,10,824,0,95
311,1678,40,1176,0,95
312,5365,20,858,0,95
313,3533,40,1006,0,95
314,4122,10,934,0,95
315,8416,40,561,0,95
316,7252,10,634,0,95
317,5737,30,807,0,95
318,8666,80,527,0,95
319,6016,50,785,0,95
320,6741,70,708,0,95
321,8370,70,553,0,95
322,6785,00,685,0,95
323,4752,90,871,0,95
324,8405,70,553,0,95
325,8182,40,571,0,95
326,9258,10,459,0,95
327,8323,80,532,0,95
328,9967,20,398,0,95
329,7807,20,613,0,95
330,7945,50,580,0,95
331,8497,60,534,0,95
332,4185,20,928,0,95
333,9095,00,485,0,95
334,8485,40,531,0,95
335,6588,60,719,0,95
336,7574,90,631,0,95
337,8789,90,496,0,95
338,4018,80,987,0,95
339,2668,20,1078,0,95
340,6755,70,693,0,95
341,5133,10,839,0,95
342,5942,20,778,0,95
343,7862,30,587,0,95
344,7932,90,591,0,95
345,3094,00,1055,0,95
346,4849,40,891,0,95
347,6446,00,750,0,95
348,5527,60,814,0,95
349,10265,70,383,0,95
350,5385,60,819,0,95
351,9815,70,408,0,95
352,9457,00,445,0,95
353,8624,90,531,0,95
354,7201,50,680,0,95
355,9120,30,482,0,95
356,8782,40,516,0,95
357,10275,30,372,0,95
358,8815,80,527,0,95
359,5869,00,790,0,95
360,5936,60,774,0,95
361,10391,90,356,0,95
362,4685,80,912,0,96
363,8088,60,594,0,96
364,9382,90,466,0,96
365,9260,20,478,0,97
366,7289,70,668,0,97
367,9149,00,470,0,97
368,9924,30,412,0,97
369,8751,10,509,0,97
370,9766,60,414,0,97
371,7302,20,653,0,97
372,5702,90,801,0,97
373,8996,60,494,0,98
374,4937,70,858,0,98
375,8793,10,524,0,98
376,3187,50,1060,0,98
377,4812,90,866,0,98
378,-80,50,1250,0,97
379,6813,80,677,0,97
380,8443,10,544,0,98
381,10013,10,379,0,98
382,9537,30,417,0,98
383,6432,50,725,0,98
384,6331,50,750,0,98
385,6828,40,671,0,98
386,7583,00,625,0,98
387,4619,10,914,0,98
388,5282,40,866,0,98
389,8789,00,520,0,98
390,5729,50,785,0,98
391,6793,60,704,0,98
392,7055,70,658,0,98
393,4031,20,948,0,98
394,3345,90,1021,0,99
395,3738,90,991,0,99
396,8213,90,571,0,99
397,6756,30,697,0,99
398,7854,60,604,0,99
399,7454,60,604,0,99
400,8914,60,484,0,99
401,7646,10,619,0,99
402,7104,20,658,0,99
403,8746,10,524,0,99
404,5951,40,796,0,99
405,6912,30,682,0,99
406,1393,10,1209,0,99
407,6198,80,762,0,99
408,5498,30,807,0,99
409,4789,90,906,0,99
410,8591,80,557,0,99
411,8854,10,509,0,99
412,6488,20,733,0,99
413,5147,80,867,0,99
414,7423,20,663,0,99
415,7748,70,603,0,99
416,4164,60,949,0,99
417,8077,80,552,0,99
418,5206,50,860,0,99
419,6502,40,741,0,99
420,7731,90,596,0,99
421,8493,70,543,0,99
422,5371,70,848,0,99
423,7389,50,630,0,99
424,6705,80,707,0,99
425,8271,00,575,0,99
426,7458,90,651,0,99
427,2687,90,1086,0,99
428,6987,60,674,0,99
429,6390,70,733,0,99
430,6875,00,705,0,99
431,6953,70,663,0,99
432,2765,70,1068,0,99
433,8383,40,546,0,99
434,6678,90,686,0,99
435,5354,80,812,0,99
436,8676,60,534,0,99
437,2846,10,1064,0,99
438,-127,00,1250,0,98
439,7250,10,654,0,98
440,9309,10,464,0,98
441,8476,40,536,0,98
442,10251,70,383,0,98
443,7116,50,665,0,98
444,7910,40,606,0,98
445,6523,10,719,0,98
446,8585,40,526,0,98
447,6864,40,696,0,98
448,7703,70,613,0,98
449,7031,60,679,0,98
450,9427,30,437,0,98
451,7263,10,664,0,98
452,6614,00,725,0,98
453,5192,20,838,0,98
454,9024,00,490,0,98
455,4276,90,976,0,98
456,7974,90,576,0,98
457,7794,60,604,0,98
458,6960,30,667,0,98
459,2688,00,1100,0,98
460,3181,90,1041,0,98
461,6975,60,689,0,98
462,7574,50,630,0,98
463,9695,10,434,0,98
464,7029,50,675,0,98
465,6018,90,751,0,98
466,5896,90,796,0,98
467,6512,80,712,0,98
468,7658,30,607,0,98
469,8184,50,570,0,98
470,6778,40,681,0,98
471,7742,10,609,0,98
472,7084,70,683,0,98
473,8833,90,506,0,98
474,9173,40,481,0,98
475,9812,10,414,0,98
476,6654,30,712,0,98
477,7826,30,577,0,98
478,10288,10,384,0,99
479,6556,70,713,0,99
480,-79,00,1250,0,98
481,10033,60,379,0,98
482,9876,90,421,0,98
483,6707,80,702,0,98
484,10394,60,369,0,98
485,8581,50,530,0,98
486,7676,50,610,0,98
487,7749,20,628,0,98
488,8188,40,546,0,98
489,6388,40,756,0,98
490,5773,60,789,0,98
491,7373,10,664,0,98
492,9034,60,489,0,98
493,7151,70,668,0,98
494,8222,30,562,0,98
495,8667,70,518,0,98
496,3843,50,990,0,98
497,8309,60,539,0,98
498,9054,60,479,0,98
499,7375,40,636,0,98
500,6683,00,695,0,98
501,5435,70,823,0,98
502,-127,00,1250,0,97
503,9066,30,487,0,97
504,2619,30,1092,0,97
505,18,50,1250,0,96
506,8075,30,557,0,96
507,8362,90,571,0,96
508,6609,20,698,0,96
509,8271,80,552,0,96
510,7251,10,634,0,96
511,3334,80,1017,0,96
512,5651,40,811,0,96
513,9336,50,460,0,96
514,7343,80,652,0,96
515,18,00,1250,0,95
516,8266,20,558,0,95
517,10514,00,325,0,95
518,7395,10,609,0,95
519,7490,00,630,0,95
520,-127,00,1250,0,94
521,8230,80,542,0,94
522,5445,20,823,0,94
523,5479,60,834,0,94
524,8644,60,519,0,94
525,7956,80,587,0,94
526,8484,40,536,0,94
527,5709,40,801,0,94
528,8307,60,549,0,94
529,1507,70,1203,0,94
530,6195,20,748,0,94
531,8538,30,542,0,94
532,6436,60,739,0,94
533,6571,40,706,0,94
534,7542,10,629,0,94
535,5540,70,808,0,94
536,8200,10,559,0,94
537,6909,20,658,0,94
538,8608,10,519,0,95
539,9302,60,459,0,95
540,9299,70,468,0,95
541,9172,70,468,0,95
542,9635,40,431,0,95
543,7407,70,623,0,95
544,9691,10,424,0,95
545,7017,30,667,0,95
546,9003,10,479,0,95
547,9395,00,450,0,95
548,9747,50,425,0,95
549,7964,40,591,0,95
550,8173,30,557,0,95
551,1825,10,1199,0,95
552,5193,90,861,0,95
553,8893,50,500,0,95
554,8838,60,509,0,95
555,10153,20,383,0,95
556,3288,90,1026,0,95
557,9176,40,476,0,95
558,10186,40,361,0,95
559,8062,00,585,0,95
560,3240,40,1041,0,95
561,5435,30,842,0,95
562,9501,60,439,0,95
563,-80,50,1250,0,94
564,6738,50,685,0,94
565,-127,00,1250,0,93
566,4902,30,867,0,93
567,7225,40,646,0,93
568,3624,20,998,0,93
569,6262,00,750,0,93
570,6589,60,719,0,93
571,9305,00,455,0,93
572,10282,40,371,0,93
573,9821,00,430,0,93
574,7617,00,635,0,93
575,8006,20,588,0,93
576,10338,30,357,0,93
577,6764,60,719,0,93
578,7945,60,584,0,93
579,8989,90,481,0,93
580,9686,10,429,0,94
581,9759,60,424,0,94
582,5625,20,813,0,94
583,7791,60,599,0,94
584,8792,70,508,0,94
585,9362,80,472,0,94
586,6857,60,714,0,94
587,6782,50,690,0,94
588,9252,70,468,0,94
589,8036,10,574,0,94
590,9298,20,468,0,94
591,9545,00,440,0,94
592,4994,00,875,0,94
593,8046,00,600,0,94
594,8212,00,585,0,94
595,6834,20,698,0,94
596,8322,30,537,0,94
597,7734,00,600,0,94
598,7430,40,641,0,94
599,9248,10,464,0,94
600,4181,50,955,0,94
601,9298,30,482,0,94
602,7323,30,632,0,95
603,6940,70,698,0,95
604,8480,10,544,0,95
605,9462,20,463,0,96
606,9208,10,454,0,96
607,7544,60,634,0,96
608,4806,10,899,0,96
609,8041,50,565,0,96
610,6128,80,767,0,96
611,6617,70,733,0,96
612,9142,20,498,0,96
613,5960,90,786,0,96
614,100,50,1250,0,95
615,4845,20,903,0,96
616,2781,40,1071,0,96
617,7127,10,654,0,96
618,5654,90,821,0,96
619,7958,10,574,0,96
620,7962,50,605,0,97
621,4428,80,947,0,97
622,9853,00,400,0,97
623,4600,40,906,0,97
624,8475,30,522,0,97
625,9494,90,436,0,97
626,9304,60,459,0,97
627,9478,70,453,0,97
628,8124,30,562,0,97
629,7811,80,602,0,97
630,7498,70,633,0,97
631,9307,60,444,0,97
632,9269,40,471,0,97
633,10111,10,394,0,97
634,7822,00,615,0,97
635,9200,60,464,0,97
636,9441,60,454,0,97
637,116,00,1250,0,96
638,6783,30,732,0,96
639,6734,50,675,0,96
640,7712,20,593,0,96
641,11,50,1250,0,95
642,7696,10,614,0,95
643,6247,30,757,0,95
644,6210,90,756,0,95
645,5326,00,830,0,95
646,6998,90,681,0,95
647,9887,30,402,0,95
648,9833,90,416,0,95
649,9851,80,402,0,95
650,7365,00,640,0,95
651,6349,40,771,0,95
652,10717,10,339,0,95
653,8286,60,559,0,95
654,9399,10,459,0,95
655,7405,90,651,0,95
656,9161,30,482,0,95
657,7665,60,614,0,95
658,9025,30,492,0,95
659,4113,50,940,0,95
660,7026,10,689,0,95
661,4822,70,898,0,95
662,7745,50,620,0,95
663,8471,90,556,0,96
664,9484,50,450,0,96
665,7908,00,600,0,97
666,9533,50,455,0,97
667,9573,90,441,0,97
668,8396,10,544,0,97
669,9716,40,436,0,97
670,8241,90,566,0,97
671,6688,20,698,0,97
672,8114,80,577,0,97
673,8151,20,578,0,97
674,10079,30,392,0,97
675,7891,50,580,0,97
676,8352,61,599,0,97
677,3901,00,975,0,97
678,4243,30,932,0,97
679,10254,30,382,0,97
680,7056,50,690,0,97
681,4151,90,931,0,97
682,7608,90,636,0,97
683,8871,80,497,0,97
684,9218,80,472,0,97
685,8926,80,487,0,97
686,8884,80,482,0,97
687,9800,60,414,0,97
688,7492,10,639,0,97
689,9540,50,430,0,97
690,9742,00,425,0,97
691,10097,10,394,0,97
692,9952,10,409,0,97
693,8967,20,483,0,97
694,9592,10,439,0,97
695,9852,50,410,0,97
696,9148,40,461,0,97
697,10129,80,387,0,97
698,8798,60,509,0,97
699,6572,50,730,0,97
700,7543,30,647,0,97
701,8236,00,550,0,97
702,9041,10,494,0,97
703,8143,50,560,0,97
704,8584,20,558,0,97
705,6968,40,676,0,97
706,2707,10,1084,0,97
707,9415,00,450,0,97
708,8965,40,486,0,97
709,10205,50,365,0,97
710,8730,50,525,0,97
711,8428,00,565,0,97
712,9429,40,456,0,97
713,10489,30,352,0,97
714,6098,70,753,0,98
715,6852,10,674,0,98
716,8861,20,503,0,98
717,8690,60,524,0,98
718,6372,60,754,0,98
719,8115,70,583,0,98
720,4712,10,909,0,98
721,7382,10,659,0,98
722,8213,40,566,0,98
723,6949,20,683,0,98
724,5259,10,864,0,98
725,7105,80,677,0,98
726,8395,20,553,0,98
727,5770,50,790,0,98
728,5790,80,812,0,98
729,6921,40,686,0,98
730,8082,90,566,0,98
731,7953,80,592,0,98
732,8082,00,580,0,98
733,5054,20,883,0,98
734,9061,60,479,0,98
735,8546,10,524,0,98
736,9541,30,422,0,98
737,6129,00,755,0,99
738,9762,80,437,0,99
739,8678,80,522,0,99
740,9255,80,477,0,99
741,7341,50,625,1,00
742,8686,70,528,1,00
743,8852,80,512,1,00
744,9243,90,476,1,00
745,10313,30,377,1,00
746,8396,10,544,1,00
747,8241,60,574,1,00
748,6589,70,723,1,00
749,8973,00,500,1,00
750,8843,10,494,1,00
751,8541,00,525,1,00
752,9313,80,472,1,00
753,8947,20,508,1,00
754,9748,50,430,1,00
755,8706,80,527,1,00
756,8619,40,526,1,00
757,9094,60,494,1,00
758,8544,80,547,1,00
759,3682,80,997,1,00
760,3935,30,972,1,00
761,6431,60,734,1,00
762,8350,10,549,1,00
763,8899,60,509,1,00
764,7332,40,616,1,00
765,8227,00,565,1,00
766,8931,90,491,1,00
767,9068,30,487,1,00
768,5447,90,801,1,00
769,9308,00,440,1,00
770,8521,70,548,1,00
771,7516,70,638,1,00
772,8873,50,520,1,00
773,7917,30,577,1,00
774,8966,20,493,1,00
775,7095,60,654,1,00
776,5588,40,821,1,00
777,6963,30,682,1,00
778,6740,10,684,1,00
779,4867,50,875,1,00
780,5803,50,795,1,00
781,2365,50,1125,1,00
782,8149,70,568,1,00
783,8335,50,530,1,00
784,7455,60,604,1,00
785,7445,50,625,1,00
786,4011,20,973,1,00
787,8989,00,500,1,00
788,7204,80,662,1,00
789,8628,10,529,1,00
790,7808,30,602,1,00
791,8493,00,525,1,00
792,9105,70,483,1,00
793,8440,00,535,1,00
794,8445,20,548,1,00
795,7910,70,588,1,00
796,8502,90,546,1,00
797,8567,60,544,1,00
798,8684,60,539,1,00
799,9171,70,493,1,00
800,8221,40,551,1,00
801,9788,20,428,1,00
802,8908,90,506,1,00
803,6617,40,686,1,00
804,8684,60,534,1,00
805,5382,70,818,1,00
806,9273,50,475,1,00
807,7497,30,637,1,00
808,8033,90,551,1,00
809,9044,00,475,1,00
810,4825,90,941,1,00
811,4516,70,913,1,00
812,9372,40,451,1,00
813,7341,00,635,1,00
814,7887,20,608,1,00
815,9295,70,478,1,00
816,7250,70,643,1,00
817,10070,00,395,1,00
818,8062,20,568,1,00
819,8504,70,538,1,00
820,10312,00,370,1,00
821,8536,50,530,1,00
822,8162,10,589,1,00
823,8626,50,515,1,00
824,9813,70,408,1,00
825,7795,70,613,1,00
826,9343,20,463,1,00
827,9400,70,453,1,00
828,8019,70,563,1,00
829,8071,20,598,1,00
830,6212,20,783,1,00
831,4589,50,940,1,00
832,9397,10,459,1,00
833,9055,20,468,1,00
834,7984,90,571,1,00
835,6150,20,738,1,00
836,6541,30,737,1,00
837,10278,30,367,1,00
838,8465,80,542,1,00
839,8197,70,573,1,00
840,9760,30,427,1,00
841,7653,40,641,1,00
842,4315,60,944,1,00
843,7205,20,653,1,00
844,5586,70,818,1,00
845,6201,80,757,1,00
846,2911,10,1069,1,00
847,1562,30,1192,1,00
848,6582,20,718,1,00
849,8592,00,525,1,00
850,3208,60,1034,1,00
851,6935,30,707,1,00
852,20,50,1250,0,99
853,9111,10,484,0,99
854,7315,30,637,0,99
855,-31,50,1250,0,98
856,9159,70,463,0,98
857,10135,70,378,0,98
858,9598,00,455,0,98
859,7693,10,634,0,98
860,8212,40,566,0,98
861,6824,40,676,0,98
862,10094,90,376,0,98
863,9866,00,420,0,98
864,6170,60,774,0,98
865,9547,90,426,0,98
866,8615,70,508,0,98
867,7355,20,628,0,98
868,7134,00,655,0,98
869,5565,90,806,0,98
870,8727,80,507,0,98
871,9599,80,442,0,98
872,6903,10,659,0,98
873,7307,90,656,0,98
874,8568,20,508,0,98
875,-81,00,1250,0,97
876,10128,20,363,0,97
877,7514,90,641,0,97
878,9088,70,488,0,97
879,6048,70,743,0,97
880,1176,00,1230,0,97
881,9380,50,475,0,97
882,7071,40,671,0,97
883,9340,50,465,0,97
884,9463,20,453,0,97
885,9868,80,402,0,97
886,10046,60,389,0,97
887,10101,20,383,0,97
888,8725,30,522,0,97
889,10212,90,386,0,97
890,9407,30,477,0,97
891,9672,40,421,0,97
892,9279,50,470,0,97
893,10511,70,358,0,97
894,7704,20,623,0,97
895,8974,50,490,0,97
896,8823,30,497,0,97
897,10057,30,397,0,97
898,9005,40,496,0,97
899,10051,40,406,0,97
900,9786,30,407,0,97
901,9448,30,452,0,97
902,8653,90,536,0,97
903,8522,50,545,0,97
904,7724,10,639,0,97
905,3266,60,1069,0,97
906,5391,60,864,0,97
907,5912,80,802,0,97
908,9615,10,439,0,97
909,8743,60,514,0,97
910,7481,60,644,0,97
911,1758,00,1185,0,97
912,8181,20,578,0,97
913,9505,20,438,0,97
914,7884,70,598,0,97
915,9623,30,432,0,97
916,10080,70,398,0,97
917,7495,70,643,0,97
918,7599,20,623,0,97
919,4099,10,974,0,97
920,9914,10,414,0,97
921,9475,60,454,0,97
922,10464,40,366,0,97
923,10049,80,402,0,97
924,7342,70,653,0,97
925,9429,70,448,0,97
926,10574,90,346,0,97
927,9776,90,426,0,97
928,9557,90,446,0,97
929,7953,90,591,0,97
930,8584,60,534,0,97
931,8889,90,516,0,97
932,8380,60,569,0,97
933,6743,10,694,0,97
934,10759,70,328,0,97
935,7349,80,657,0,97
936,9879,50,395,0,97
937,10317,40,371,0,97
938,10107,50,395,0,97
939,7887,70,598,0,97
940,10627,80,342,0,97
941,8819,90,496,0,97
942,10039,20,398,0,97
943,8408,30,547,0,97
944,9439,70,468,0,97
945,7718,90,641,0,97
946,7311,60,679,0,97
947,8505,20,548,0,97
948,7706,50,630,0,97
949,9582,30,432,0,97
950,8900,90,506,0,97
951,9436,20,448,0,97
952,8342,30,557,0,98
953,8259,50,575,0,98
954,6726,40,726,0,98
955,8929,00,500,0,99
956,10195,00,370,0,99
957,9224,60,479,0,99
958,9773,30,422,0,99
959,10040,60,399,0,99
960,10131,90,386,0,99
961,8625,50,530,0,99
962,5699,60,819,0,99
963,9204,80,477,0,99
964,9248,70,478,0,99
965,9701,80,427,0,99
966,10073,80,392,0,99
967,9739,50,420,0,99
968,10372,40,366,0,99
969,7922,90,586,0,99
970,7947,70,603,0,99
971,8587,20,538,0,99
972,9832,20,418,0,99
973,9968,40,406,0,99
974,8828,00,510,0,99
975,7919,90,591,1,00
976,7263,20,628,1,00
977,9690,20,438,1,00
978,9180,10,469,1,00
979,7989,90,601,1,00
980,5932,90,791,1,00
981,4799,30,872,1,00
982,9952,80,412,1,00
983,5931,50,760,1,00
984,9288,60,464,1,00
985,6894,00,660,1,00
986,7257,40,666,1,00
987,8241,20,558,1,00
988,10059,70,388,1,00
989,8371,90,541,1,00
990,6146,30,772,1,00
991,8931,30,517,1,00
992,5258,90,831,1,00
993,8653,40,526,1,00
994,8724,00,520,1,00
995,8338,60,569,1,00
996,9124,50,475,1,00
997,8899,30,502,1,00
998,8530,80,527,1,00
999,9400,80,447,1,00
1000,7745,70,618,1,00
1001,10338,50,365,1,00
1002,9423,30,452,1,00
1003,8093,30,582,1,00
1004,7987,50,575,1,00
1005,6709,20,678,1,00
1006,4468,80,937,1,00
1007,8195,30,582,1,00
1008,8585,60,529,1,00
1009,10614,20,333,1,00
1010,10157,50,395,1,00
1011,7193,40,661,1,00
1012,10062,30,392,1,00
1013,10498,60,354,1,00
1014,9366,00,460,1,00
1015,10466,20,343,1,00
1016,10138,50,380,1,00
1017,10274,50,370,1,00
1018,8425,60,549,1,00
1019,7997,20,593,1,00
1020,3782,60,1004,1,00
1021,7082,30,682,1,00
1022,8239,70,573,1,00
1023,8775,70,513,1,00
1024,8527,70,538,1,00
1025,8433,10,544,1,00
1026,7903,00,595,1,00
1027,5094,50,875,1,00
1028,8961,00,510,1,00
1029,9122,60,494,1,00
1030,8737,60,529,1,00
1031,9160,30,482,1,00
1032,4772,10,914,1,00
1033,9985,00,410,1,00
1034,9298,80,457,1,00
1035,9119,40,486,1,00
1036,7753,70,618,1,00
1037,9356,00,465,1,00
1038,9470,90,446,1,00
1039,9092,60,479,1,00
1040,9846,00,410,1,00
1041,9613,00,435,1,00
1042,9855,10,409,1,00
1043,9181,50,470,1,00
1044,8121,00,585,1,00
1045,3416,40,1041,1,00
1046,9441,60,454,1,00
1047,7317,10,654,1,00
1048,9585,70,443,1,00
1049,7872,10,599,1,00
1050,6305,60,754,1,00
1051,8208,00,570,1,00
1052,8513,20,548,1,00
1053,7246,80,657,1,00
1054,8274,90,566,1,00
1055,8642,70,528,1,00
1056,9471,60,454,1,00
1057,9804,00,430,1,00
1058,9582,10,444,1,00
1059,9109,40,496,1,00
1060,8859,40,511,1,00
1061,8950,30,492,1,00
1062,10048,80,402,1,00
1063,9833,90,406,1,00
1064,8589,30,542,1,00
1065,9683,10,439,1,00
1066,10324,60,369,1,00
1067,10498,20,353,1,00
1068,10508,40,346,1,00
1069,9279,70,468,1,00
1070,8838,20,508,1,00
1071,10205,10,369,1,00
1072,9895,60,404,1,00
1073,9069,80,487,1,00
1074,8727,00,510,1,00
1075,9772,00,425,1,00
1076,10133,40,386,1,00
1077,9658,60,449,1,00
1078,9797,20,418,1,00
1079,10036,90,406,1,00
1080,9392,50,480,1,00
1081,9032,70,498,1,00
1082,10146,90,386,1,00
1083,9816,90,411,1,00
1084,9472,80,467,1,00
1085,9878,50,410,1,00
1086,9278,60,474,1,00
1087,9871,80,427,1,00
1088,10348,70,368,1,00
1089,10102,30,392,1,00
1090,10363,20,363,1,00
1091,10616,70,348,1,00
1092,10246,60,379,1,00
1093,8775,50,500,1,00
1094,7856,60,624,1,00
1095,7023,10,704,1,00
1096,8004,70,583,1,00
1097,8908,90,506,1,00
1098,7684,80,622,1,00
1099,9592,20,438,1,00
1100,7904,20,583,1,00
1101,9725,20,433,1,00
1102,9006,00,505,1,00
1103,9921,30,417,1,00
1104,9036,70,493,1,00
1105,10453,30,367,1,00
1106,9760,20,433,1,00
1107,7736,10,594,1,00
1108,9957,00,415,1,00
1109,9267,50,480,1,00
1110,8788,00,520,1,00
1111,9493,90,461,1,00
1112,9707,40,436,1,00
1113,9114,80,482,1,00
1114,10004,30,397,1,00
1115,4176,30,992,1,00
1116,8464,30,547,1,00
1117,9413,70,458,1,00
1118,4921,50,895,1,00
1119,4629,10,939,1,00
1120,6762,10,739,1,00
1121,10086,30,407,1,00
1122,8802,50,490,1,00
1123,9560,20,443,1,00
1124,9128,80,462,1,00
1125,10292,10,369,1,00
1126,9139,70,488,1,00
1127,9977,50,400,1,00
1128,10582,00,340,1,00
1129,10284,10,374,1,00
1130,9722,40,431,1,00
1131,9322,90,486,1,00
1132,9705,30,427,1,00
1133,9479,90,431,1,00
1134,10138,40,391,1,00
1135,9631,70,443,1,00
1136,9541,10,449,1,00
1137,9226,40,471,1,00
1138,9807,20,423,1,00
1139,9305,30,472,1,00
1140,10587,00,345,1,00
1141,10115,60,394,1,00
1142,10400,20,363,1,00
1143,8868,10,519,1,00
1144,9630,50,435,1,00
1145,9884,20,413,1,00
1146,8498,50,540,1,00
1147,8741,50,540,1,00
1148,8745,50,540,1,00
1149,9312,00,470,1,00
1150,9501,50,455,1,00
1151,8735,10,519,1,00
1152,9518,00,440,1,00
1153,9347,40,461,1,00
1154,10311,90,366,1,00
1155,4677,50,925,1,00
1156,9456,20,453,1,00
1157,9484,60,449,1,00
1158,7914,00,605,1,00
1159,8931,30,502,1,00
1160,5988,20,768,1,00
1161,7183,30,687,1,00
1162,8326,90,581,1,00
1163,4550,80,927,1,00
1164,7388,40,651,1,00
1165,7323,70,658,1,00
1166,5429,10,854,1,00
1167,8326,50,555,1,00
1168,9116,90,491,1,00
1169,10523,90,346,1,00
1170,10361,70,363,1,00
1171,10270,10,374,1,00
1172,9512,90,446,1,00
1173,10058,10,404,1,00
1174,10390,00,360,1,00
1175,8751,30,532,1,00
1176,8856,20,533,1,00
1177,7943,10,584,1,00
1178,9732,20,413,1,00
1179,9615,20,448,1,00
1180,7156,20,663,1,00
1181,8946,10,479,1,00
1182,8779,30,502,1,00
1183,10362,00,380,1,00
1184,8296,00,575,1,00
1185,9982,20,403,1,00
1186,9839,10,414,1,00
1187,6987,80,682,1,00
1188,6911,90,686,1,00
1189,9165,30,457,1,00
1190,8300,70,558,1,00
1191,9424,40,456,1,00
1192,9277,20,483,1,00
1193,9683,50,425,1,00
1194,9185,80,477,1,00
1195,10127,80,392,1,00
1196,10083,00,370,1,00
1197,8709,60,539,1,00
1198,9305,40,486,1,00
1199,9635,40,441,1,00
1200,8835,40,511,1,00
1201,8514,30,542,1,00
1202,10440,90,351,1,00
1203,8907,50,505,1,00
1204,8085,80,582,1,00
1205,9398,50,460,1,00
1206,6301,30,752,1,00
1207,9294,80,482,1,00
1208,6677,40,716,1,00
1209,10453,00,360,1,00
1210,9979,10,404,1,00
1211,6859,10,724,1,00
1212,8130,60,579,1,00
1213,9469,00,440,1,00
1214,6952,40,696,1,00
1215,9221,30,477,1,00
1216,10257,10,369,1,00
1217,9369,70,458,1,00
1218,10205,40,381,1,00
1219,9315,80,452,1,00
1220,9846,20,408,1,00
1221,8434,10,559,1,00
1222,8355,50,555,1,00
1223,8312,40,576,1,00
1224,9178,40,491,1,00
1225,9081,20,488,1,00
1226,8827,40,526,1,00
1227,9726,30,422,1,00
1228,10191,20,388,1,00
1229,8858,50,525,1,00
1230,10423,00,350,1,00
1231,9906,80,417,1,00
1232,10302,20,363,1,00
1233,10186,10,374,1,00
1234,10300,40,376,1,00
1235,10580,50,340,1,00
1236,10359,20,363,1,00
1237,9709,10,444,1,00
1238,9700,70,428,1,00
1239,10233,20,373,1,00
1240,9950,30,407,1,00
1241,9523,80,452,1,00
1242,7406,40,651,1,00
1243,10109,50,395,1,00
1244,10121,80,382,1,00
1245,10018,20,403,1,00
1246,8420,80,552,1,00
1247,9546,70,433,1,00
1248,9137,90,476,1,00
1249,8059,90,576,1,00
1250,8416,00,555,1,00
1251,10352,70,368,1,00
1252,9097,80,482,1,00
1253,9518,00,435,1,00
1254,10607,60,339,1,00
1255,9134,30,472,1,00
1256,9625,40,411,1,00
1257,9018,50,490,1,00
1258,9592,80,442,1,00
1259,9244,10,474,1,00
1260,8720,60,519,1,00
1261,9810,20,413,1,00
1262,8038,10,599,1,00
1263,10241,00,370,1,00
1264,9081,40,501,1,00
1265,10130,60,394,1,00
1266,10330,50,360,1,00
1267,10154,90,381,1,00
1268,10342,40,371,1,00
1269,9487,20,448,1,00
1270,9084,60,474,1,00
1271,9998,40,391,1,00
1272,9918,60,414,1,00
1273,9496,00,450,1,00
1274,9202,10,479,1,00
1275,8413,30,562,1,00
1276,8820,90,521,1,00
1277,6779,50,715,1,00
1278,9086,80,492,1,00
1279,10326,40,381,1,00
1280,10002,30,397,1,00
1281,9578,10,434,1,00
1282,9460,70,428,1,00
1283,9889,00,425,1,00
1284,8901,30,507,1,00
1285,7681,30,632,1,00
1286,10622,90,336,1,00
1287,8662,80,537,1,00
1288,7746,90,616,1,00
1289,9813,00,420,1,00
1290,10055,90,406,1,00
1291,7167,40,676,1,00
1292,9568,20,448,1,00
1293,9721,10,434,1,00
1294,9315,20,478,1,00
1295,9110,20,478,1,00
1296,7668,60,624,1,00
1297,7944,70,593,1,00
1298,7283,80,657,1,00
1299,5037,30,877,1,00
1300,7337,50,650,1,00
1301,9672,80,422,1,00
1302,7430,60,639,1,00
1303,4602,90,906,1,00
1304,9901,20,398,1,00
1305,7613,00,630,1,00
1306,10258,80,362,1,00
1307,9983,50,395,1,00
1308,9843,40,416,1,00
1309,9626,40,446,1,00
1310,10255,60,374,1,00
1311,7713,50,625,1,00
1312,10404,60,359,1,00
1313,10080,50,385,1,00
1314,9379,30,452,1,00
1315,9321,10,469,1,00
1316,9098,30,477,1,00
1317,9202,60,489,1,00
1318,9820,10,414,1,00
1319,7042,40,681,1,00
1320,9776,50,425,1,00
1321,10514,50,350,1,00
1322,10020,60,389,1,00
1323,9425,50,445,1,00
1324,9502,80,442,1,00
1325,9780,40,426,1,00
1326,9378,30,452,1,00
1327,9564,90,451,1,00
1328,10075,20,398,1,00
1329,9959,90,401,1,00
1330,8261,90,566,1,00
1331,9574,90,431,1,00
1332,8414,60,549,1,00
1333,8711,80,527,1,00
1334,7952,80,597,1,00
1335,8456,00,555,1,00
1336,8627,00,520,1,00
1337,7685,20,628,1,00
1338,6643,70,703,1,00
1339,8419,70,553,1,00
1340,9869,50,410,1,00
1341,9247,90,466,1,00
1342,8338,30,562,1,00
1343,10277,10,379,1,00
1344,9616,90,436,1,00
1345,10050,30,417,1,00
1346,8429,30,562,1,00
1347,8756,50,520,1,00
1348,10299,30,372,1,00
1349,10165,50,380,1,00
1350,6919,40,716,1,00
1351,7659,90,626,1,00
1352,6752,70,683,1,00
1353,9075,40,496,1,00
1354,9286,20,463,1,00
1355,9690,00,445,1,00
1356,9967,80,402,1,00
1357,9248,60,484,1,00
1358,8445,20,543,1,00
1359,9020,30,502,1,00
1360,8662,70,538,1,00
1361,10068,50,395,1,00
1362,8547,40,541,1,00
1363,7954,80,582,1,00
1364,6155,30,762,1,00
1365,8831,50,510,1,00
1366,8472,40,541,1,00
1367,8967,10,504,1,00
1368,9407,00,460,1,00
1369,10236,20,363,1,00
1370,10107,00,385,1,00
1371,7825,10,604,1,00
1372,10133,80,397,1,00
1373,8833,70,518,1,00
1374,9600,80,447,1,00
1375,8401,60,529,1,00
1376,9359,80,462,1,00
1377,9080,90,486,1,00
1378,7409,00,655,1,00
1379,8725,20,523,1,00
1380,9898,20,413,1,00
1381,9319,20,463,1,00
1382,9029,50,480,1,00
1383,10067,90,386,1,00
1384,8050,00,580,1,00
1385,9874,50,405,1,00
1386,10433,50,370,1,00
1387,9692,10,429,1,00
1388,9515,10,449,1,00
1389,9959,20,388,1,00
1390,9187,10,504,1,00
1391,9729,50,425,1,00
1392,9798,50,420,1,00
1393,10025,10,404,1,00
1394,10169,50,390,1,00
1395,10492,00,350,1,00
1396,8513,70,558,1,00
1397,9867,90,411,1,00
1398,9781,90,436,1,00
1399,10203,20,383,1,00
1400,9997,60,399,1,00
1401,9974,70,408,1,00
1402,9227,40,471,1,00
1403,10570,10,334,1,00
1404,9595,80,442,1,00
1405,9398,80,467,1,00
1406,9851,80,417,1,00
1407,9625,80,452,1,00
1408,9679,80,437,1,00
1409,7999,60,609,1,00
1410,9004,20,503,1,00
1411,8261,40,566,1,00
1412,8198,10,549,1,00
1413,7572,70,653,1,00
1414,9897,20,408,1,00
1415,8463,50,545,1,00
1416,4771,10,914,1,00
1417,10084,20,398,1,00
1418,9702,50,420,1,00
1419,7791,90,616,1,00
1420,5929,50,800,1,00
1421,8220,70,568,1,00
1422,9617,10,434,1,00
1423,9851,40,411,1,00
1424,8192,40,596,1,00
1425,8727,70,513,1,00
1426,9663,90,436,1,00
1427,8155,60,569,1,00
1428,9179,00,475,1,00
1429,8795,90,511,1,00
1430,9777,40,421,1,00
1431,10163,30,372,1,00
1432,8962,10,504,1,00
1433,10026,00,395,1,00
1434,8617,80,537,1,00
1435,9619,60,439,1,00
1436,8194,90,586,1,00
1437,9069,20,493,1,00
1438,9304,50,495,1,00
1439,6207,20,728,1,00
1440,9343,90,486,1,00
1441,3870,20,978,1,00
1442,9381,40,456,1,00
1443,7641,20,613,1,00
1444,7734,10,619,1,00
1445,7904,80,587,1,00
1446,9975,80,412,1,00
1447,9704,20,428,1,00
1448,10123,50,390,1,00
1449,8293,10,554,1,00
1450,8373,40,551,1,00
1451,10148,00,360,1,00
1452,7947,10,599,1,00
1453,10155,80,377,1,00
1454,9523,90,451,1,00
1455,9708,20,443,1,00
1456,10348,60,349,1,00
1457,9235,30,497,1,00
1458,10387,20,348,1,00
1459,9821,70,413,1,00
1460,9522,90,446,1,00
1461,9894,80,407,1,00
1462,9590,90,416,1,00
1463,9934,40,406,1,00
1464,8589,80,537,1,00
1465,156,50,1250,0,99
1466,9698,00,425,0,99
1467,9487,30,427,0,99
1468,9779,20,408,0,99
1469,9375,10,464,0,99
1470,10070,30,392,0,99
1471,9624,20,433,0,99
1472,9679,20,403,0,99
1473,8465,00,560,0,99
1474,10132,00,385,0,99
1475,9397,80,462,0,99
1476,9959,30,392,0,99
1477,10202,30,377,0,99
1478,10175,90,381,0,99
1479,9998,10,399,0,99
1480,9023,60,484,0,99
1481,8294,50,580,0,99
1482,9662,40,451,0,99
1483,10126,70,393,0,99
1484,10389,90,356,0,99
1485,10253,90,371,0,99
1486,9055,90,491,0,99
1487,10101,70,393,0,99
1488,10047,70,403,0,99
1489,9248,30,472,0,99
1490,9948,00,420,0,99
1491,8829,70,513,0,99
1492,10261,70,363,0,99
1493,7349,70,673,0,99
1494,8584,01,575,0,99
1495,10190,00,400,0,99
1496,8551,00,555,0,99
1497,9754,10,444,0,99
1498,9973,90,401,0,99
1499,9675,00,445,0,99
1500,9209,00,490,0,99
1501,10012,60,394,0,99
1502,9981,70,408,0,99
1503,8635,20,543,0,99
1504,8187,10,574,0,99
1505,9381,90,496,0,99
1506,9875,00,405,0,99
1507,8961,40,516,0,99
1508,10721,90,331,0,99
1509,9757,10,424,0,99
1510,9931,00,400,0,99
1511,10340,30,367,0,99
1512,8889,00,490,0,99
1513,8153,30,577,0,99
1514,7632,60,634,0,99
1515,8986,40,496,0,99
1516,8418,30,557,0,99
1517,9117,40,476,0,99
1518,7884,90,596,0,99
1519,8232,90,576,0,99
1520,9926,80,422,0,99
1521,10202,20,388,0,99
1522,10172,00,390,0,99
1523,9962,50,425,0,99
1524,10376,60,364,0,99
1525,8514,20,558,0,99
1526,10032,90,391,0,99
1527,7256,90,671,0,99
1528,7369,10,644,0,99
1529,7343,00,655,0,99
1530,9100,80,487,0,99
1531,6994,60,709,0,99
1532,8559,70,548,0,99
1533,8079,90,611,0,99
1534,4616,20,918,0,99
1535,9963,10,379,0,99
1536,9287,00,450,0,99
1537,9816,20,433,0,99
1538,9757,90,421,0,99
1539,10205,20,378,0,99
1540,10441,80,357,0,99
1541,8758,90,531,0,99
1542,7633,50,635,0,99
1543,9309,60,464,0,99
1544,9389,70,483,0,99
1545,9838,70,433,0,99
1546,9626,50,440,0,99
1547,10380,00,375,0,99
1548,10231,40,381,0,99
1549,10079,50,380,0,99
1550,9935,90,411,0,99
1551,9363,30,452,0,99
1552,10579,20,348,0,99
1553,9793,50,435,0,99
1554,9285,10,479,0,99
1555,9867,80,422,0,99
1556,9848,60,409,0,99
1557,10248,70,388,0,99
1558,9263,20,463,0,99
1559,8024,60,599,0,99
1560,8818,00,515,0,99
1561,10246,90,366,0,99
1562,10412,30,352,0,99
1563,9498,30,467,0,99
1564,9845,00,420,0,99
1565,10361,60,359,1,00
1566,7436,90,656,1,00
1567,9898,00,415,1,00
1568,9472,50,445,1,00
1569,9513,80,447,1,00
1570,10351,70,378,1,00
1571,9707,10,424,1,00
1572,9804,80,427,1,00
1573,9744,60,424,1,00
1574,9140,40,496,1,00
1575,10100,90,396,1,00
1576,10661,30,337,1,00
1577,9327,50,480,1,00
1578,8915,90,486,1,00
1579,7696,50,650,1,00
1580,8562,50,535,1,00
1581,8949,00,500,1,00
1582,9329,60,469,1,00
1583,8451,40,556,1,00
1584,7414,20,663,1,00
1585,8465,40,566,1,00
1586,8055,60,579,1,00
1587,10349,60,364,1,00
1588,10316,90,356,1,00
1589,9760,00,425,1,00
1590,9957,30,397,1,00
1591,10467,20,343,1,00
1592,10340,00,355,1,00
1593,8319,70,568,1,00
1594,9373,20,458,1,00
1595,9931,80,412,1,00
1596,9094,20,478,1,00
1597,10176,10,369,1,00
1598,8904,50,500,1,00
1599,6895,40,696,1,00
1600,9962,50,400,1,00
1601,9610,60,424,1,00
1602,9436,30,442,1,00
1603,9877,00,400,1,00
1604,8954,50,500,1,00
1605,5541,00,830,1,00
1606,8557,90,536,1,00
1607,8921,80,497,1,00
1608,8080,00,565,1,00
1609,8365,90,571,1,00
1610,8082,00,570,1,00
1611,8063,60,584,1,00
1612,8393,80,547,1,00
1613,9794,60,409,1,00
1614,10622,40,336,1,00
1615,9310,30,457,1,00
1616,9949,30,407,1,00
1617,10110,00,385,1,00
1618,10128,40,381,1,00
1619,9962,90,396,1,00
1620,10534,60,344,1,00
1621,9859,10,414,1,00
1622,9962,40,401,1,00
1623,9460,30,467,1,00
1624,10019,60,394,1,00
1625,10183,10,384,1,00
1626,10291,80,372,1,00
1627,8983,50,495,1,00
1628,9750,80,427,1,00
1629,9088,20,503,1,00
1630,9328,40,461,1,00
1631,8924,20,493,1,00
1632,9602,40,431,1,00
1633,7829,90,601,1,00
1634,7680,10,619,1,00
1635,8653,50,520,1,00
1636,8392,40,551,1,00
1637,8676,40,521,1,00
1638,9039,00,480,1,00
1639,8983,30,487,1,00
1640,7205,40,671,1,00
1641,7180,40,666,1,00
1642,8270,10,559,1,00
1643,8754,10,509,1,00
1644,8097,90,581,1,00
1645,9859,50,415,1,00
1646,8834,00,505,1,00
1647,8537,40,536,1,00
1648,9483,30,437,1,00
1649,9458,40,446,1,00
1650,9403,80,462,1,00
1651,9241,10,459,1,00
1652,9081,40,486,1,00
1653,9585,60,434,1,00
1654,9609,30,437,1,00
1655,8373,80,537,1,00
1656,10022,30,377,1,00
1657,9231,70,473,1,00
1658,10147,20,378,1,00
1659,9547,70,438,1,00
1660,10479,30,362,1,00
1661,9217,70,473,1,00
1662,8075,10,599,1,00
1663,7743,60,599,1,00
1664,6233,20,748,1,00
1665,5493,20,803,1,00
1666,8460,10,539,1,00
1667,9906,40,411,1,00
1668,10070,30,392,1,00
1669,9628,00,425,1,00
1670,9466,10,474,1,00
1671,10147,50,385,1,00
1672,9945,90,401,1,00
1673,10032,10,389,1,00
1674,9857,50,385,1,00
1675,9990,00,405,1,00
1676,8345,20,548,1,00
1677,9653,10,414,1,00
1678,9683,20,418,1,00
1679,8610,20,538,1,00
1680,10220,70,353,1,00
1681,9187,00,480,1,00
1682,9179,70,468,1,00
1683,4290,30,927,1,00
1684,7305,50,650,1,00
1685,9169,80,457,1,00
1686,10135,60,379,1,00
1687,9688,20,423,1,00
1688,8197,30,547,1,00
1689,8571,50,530,1,00
1690,9328,50,455,1,00
1691,9918,10,409,1,00
1692,7191,90,666,1,00
1693,8673,10,519,1,00
1694,9239,70,478,1,00
1695,10002,50,400,1,00
1696,10022,50,405,1,00
1697,10046,60,389,1,00
1698,5718,90,781,1,00
1699,8804,80,502,1,00
1700,5630,00,785,1,00
1701,9548,40,441,1,00
1702,8041,41,636,1,00
1703,9273,30,462,1,00
1704,8984,20,483,1,00
1705,9580,80,442,1,00
1706,5417,50,805,1,00
1707,9430,50,445,1,00
1708,9376,00,460,1,00
1709,9206,40,476,1,00
1710,9537,80,427,1,00
1711,10149,10,384,1,00
1712,9585,20,428,1,00
1713,9205,90,471,1,00
1714,8561,40,536,1,00
1715,8828,10,504,1,00
1716,9045,70,488,1,00
1717,9848,30,407,1,00
1718,7652,70,623,1,00
1719,5767,50,810,1,00
1720,9676,60,449,1,00
1721,9883,70,403,1,00
1722,10286,80,372,1,00
1723,8788,40,516,1,00
1724,9507,00,455,1,00
1725,2227,00,1160,1,00
1726,5349,50,855,1,00
1727,9826,00,420,1,00
1728,10214,70,388,1,00
1729,9826,10,409,1,00
1730,8724,10,519,1,00
1731,10029,30,402,1,00
1732,10100,80,387,1,00
1733,8836,60,499,1,00
1734,9808,10,419,1,00
1735,9936,80,407,1,00
1736,9167,80,502,1,00
1737,8805,40,511,1,00
1738,10323,40,356,1,00
1739,10284,90,371,1,00
1740,9835,30,402,1,00
1741,10133,40,401,1,00
1742,10076,30,397,1,00
1743,10147,60,389,1,00
1744,9319,30,472,1,00
1745,9704,60,424,1,00
1746,9511,40,436,1,00
1747,9726,90,426,1,00
1748,9378,90,496,1,00
1749,9620,20,458,1,00
1750,9615,20,443,1,00
1751,9813,10,414,1,00
1752,9649,10,434,1,00
1753,9820,80,432,1,00
1754,10149,10,389,1,00
1755,8016,20,588,1,00
1756,9682,10,439,1,00
1757,9170,40,481,1,00
1758,10365,30,352,1,00
1759,10130,20,398,1,00
1760,9799,70,418,1,00
1761,9483,60,459,1,00
1762,10208,50,380,1,00
1763,9563,20,448,1,00
1764,9308,40,481,1,00
1765,10385,20,358,1,00
1766,9892,80,397,1,00
1767,9597,30,447,1,00
1768,10234,30,372,1,00
1769,9902,40,426,1,00
1770,10039,50,400,1,00
1771,9967,10,404,1,00
1772,9708,70,428,1,00
1773,10794,80,317,1,00
1774,7920,00,590,1,00
1775,9921,20,423,1,00
1776,9723,90,446,1,00
1777,9679,60,449,1,00
1778,9537,10,439,1,00
1779,8048,00,600,1,00
1780,8285,30,567,1,00
1781,7143,30,677,1,00
1782,9691,70,428,1,00
1783,8844,60,519,1,00
1784,9101,60,494,1,00
1785,10060,90,386,1,00
1786,9873,90,416,1,00
1787,9864,10,429,1,00
1788,9437,10,469,1,00
1789,9571,40,441,1,00
1790,10257,90,386,1,00
1791,9446,70,453,1,00
1792,9953,50,395,1,00
1793,7730,20,623,1,00
1794,5369,80,837,1,00
1795,8754,10,519,1,00
1796,8203,50,565,1,00
1797,8164,40,581,1,00
1798,9900,60,404,1,00
1799,8786,50,530,1,00
1800,10012,60,414,1,00
1801,8928,30,477,1,00
1802,9852,70,418,1,00
1803,8583,00,555,1,00
1804,10216,20,378,1,00
1805,8462,20,548,1,00
1806,7813,80,592,1,00
1807,9520,40,446,1,00
1808,9663,50,430,1,00
1809,10167,60,384,1,00
1810,7029,40,661,1,00
1811,10065,90,406,1,00
1812,9580,90,431,1,00
1813,9024,40,516,1,00
1814,10212,20,373,1,00
1815,9088,30,492,1,00
1816,9235,20,468,1,00
1817,9899,20,413,1,00
1818,9311,80,452,1,00
1819,10175,60,384,1,00
1820,9315,10,469,1,00
1821,9385,90,451,1,00
1822,9198,60,474,1,00
1823,10263,10,374,1,00
1824,9002,60,494,1,00
1825,9661,80,442,1,00
1826,8668,20,528,1,00
1827,10391,80,367,1,00
1828,8420,70,548,1,00
1829,9329,20,453,1,00
1830,8344,10,579,1,00
1831,7816,10,604,1,00
1832,9347,10,464,1,00
1833,9150,40,491,1,00
1834,9149,90,471,1,00
1835,9386,60,484,1,00
1836,8914,90,511,1,00
1837,9875,00,415,1,00
1838,9781,80,442,1,00
1839,9248,40,501,1,00
1840,9828,70,418,1,00
1841,9713,40,431,1,00
1842,10473,90,361,1,00
1843,9399,30,467,1,00
1844,9151,30,492,1,00
1845,9698,60,444,1,00
1846,9326,10,474,1,00
1847,10016,40,391,1,00
1848,10122,20,403,1,00
1849,9888,70,428,1,00
1850,7785,91,676,1,00
1851,10499,90,361,1,00
1852,9344,70,498,1,00
1853,8611,00,545,1,00
1854,9635,10,439,1,00
1855,10260,10,374,1,00
1856,8848,80,517,1,00
1857,9672,40,431,1,00
1858,9586,60,449,1,00
1859,9979,30,397,1,00
1860,10405,00,365,1,00
1861,10489,60,354,1,00
1862,10047,00,400,1,00
1863,10213,80,382,1,00
1864,8906,20,528,1,00
1865,9880,80,417,1,00
1866,8756,20,523,1,00
1867,8182,80,597,1,00
1868,9073,10,504,1,00
1869,8537,90,531,1,00
1870,9368,80,457,1,00
1871,8690,30,542,1,00
1872,8166,30,577,1,00
1873,9100,90,476,1,00
1874,10473,60,349,1,00
1875,9670,20,433,1,00
1876,10372,60,354,1,00
1877,9803,00,415,1,00
1878,9468,80,452,1,00
1879,9480,50,470,1,00
1880,10452,80,347,1,00
1881,9793,00,420,1,00
1882,9789,50,420,1,00
1883,10131,60,384,1,00
1884,10064,70,388,1,00
1885,9528,10,449,1,00
1886,10233,20,368,1,00
1887,9905,00,415,1,00
1888,10114,50,380,1,00
1889,9499,30,442,1,00
1890,7144,70,683,1,00
1891,9136,20,473,1,00
1892,9162,90,476,1,00
1893,7789,10,624,1,00
1894,6519,90,736,1,00
1895,8729,80,527,1,00
1896,7914,10,604,1,00
1897,7998,10,604,1,00
1898,8858,00,510,1,00
1899,7984,90,601,1,00
1900,7372,40,646,1,00
1901,8920,20,508,1,00
1902,9806,70,418,1,00
1903,10461,30,352,1,00
1904,8509,71,578,1,00
1905,9404,60,454,1,00
1906,10147,90,386,1,00
1907,10134,10,384,1,00
1908,9893,20,413,1,00
1909,9464,70,463,1,00
1910,8775,40,521,1,00
1911,10190,10,374,1,00
1912,10378,50,365,1,00
1913,10317,40,371,1,00
1914,10063,80,387,1,00
1915,9666,10,444,1,00
1916,9925,60,399,1,00
1917,10113,70,398,1,00
1918,10087,30,392,1,00
1919,8422,00,555,1,00
1920,9923,20,403,1,00
1921,10221,50,380,1,00
1922,10003,00,405,1,00
1923,9254,90,506,1,00
1924,9414,10,444,1,00
1925,10165,70,383,1,00
1926,9316,20,453,1,00
1927,10061,30,402,1,00
1928,9265,20,473,1,00
1929,9864,70,408,1,00
1930,10576,60,334,1,00
1931,10166,80,377,1,00
1932,10211,00,370,1,00
1933,9165,50,470,1,00
1934,9618,20,433,1,00
1935,7569,10,629,1,00
1936,8558,50,535,1,00
1937,7894,80,612,1,00
1938,8925,40,501,1,00
1939,8166,10,584,1,00
1940,10216,90,376,1,00
1941,10295,30,362,1,00
1942,9715,70,423,1,00
1943,7845,70,613,1,00
1944,9796,70,408,1,00
1945,9301,10,484,1,00
1946,9666,30,437,1,00
1947,10392,70,353,1,00
1948,10243,40,371,1,00
1949,10382,80,367,1,00
1950,9948,40,416,1,00
1951,9887,40,411,1,00
1952,10002,00,395,1,00
1953,9510,90,461,1,00
1954,9936,50,420,1,00
1955,9744,70,423,1,00
1956,9536,10,444,1,00
1957,9247,70,498,1,00
1958,9864,60,424,1,00
1959,9766,10,429,1,00
1960,9714,60,434,1,00
1961,9330,70,453,1,00
1962,9828,30,417,1,00
1963,9128,90,506,1,00
1964,9318,70,483,1,00
1965,9817,00,430,1,00
1966,10426,60,354,1,00
1967,8271,60,549,1,00
1968,8233,40,566,1,00
1969,9095,10,484,1,00
1970,9649,70,423,1,00
1971,9405,70,458,1,00
1972,9685,10,429,1,00
1973,10110,00,380,1,00
1974,9781,70,408,1,00
1975,10021,40,396,1,00
1976,9934,70,408,1,00
1977,9120,90,501,1,00
1978,9867,40,401,1,00
1979,9204,30,492,1,00
1980,2906,30,1092,1,00
1981,8535,00,535,1,00
1982,8757,60,514,1,00
1983,8777,80,522,1,00
1984,9932,20,403,1,00
1985,9331,80,462,1,00
1986,8888,70,508,1,00
1987,10377,90,356,1,00
1988,10048,90,396,1,00
1989,10437,10,359,1,00
1990,9506,50,450,1,00
1991,9430,70,443,1,00
1992,9611,10,449,1,00
1993,9600,80,452,1,00
1994,9296,70,473,1,00
1995,9251,60,459,1,00
1996,9815,50,400,1,00
1997,9217,90,481,1,00
1998,10283,00,380,1,00
1999,9628,20,453,1,00
2000,8456,60,544,1,00
